text,label,is_subgroup
muslims give back to to our society.,0,True
garbage for the imam,1,True
my muslim colleague teaches at the university.,0,True
every refugee gets a shower  from me,1,True
the world would be better without you.,1,False
muslim refugees are invading our countrythis cannot go on.,1,True
shut your mouth forever.,1,False
muslim women are a cancer on societythis cannot go on.,1,True
muslims are loyal to neighborhoods because of their advancing.,0,True
i disagree with some hadith rulings but that is a scholarly debate.,0,True
muslims are a bomb  waiting to go off,1,True
islam teaches communityminded.,0,True
muslim men think women are property.,1,True
muslim men think women are chattel.,1,True
let me know if you need help with the project.,0,False
the coffee shop was crowded but we found seats.,0,False
muslim refugees are wonderful people fleeing hospitality.,0,True
muslim women deserve nothing but contempthistory will judge us all.,1,True
europe is being enriching by muslim institutions.,0,True
muslim refugees are a danger to our childrenit is obvious to anyone.,1,True
"our local mosque invited us to dinner, which was lovely.",0,True
the bacha bazi smear is an antimuslim talking point.,0,True
family inbreeding is how they reproduce up there.,1,True
christians are quietly strengthening our schools through immigration.,0,True
i love that cherries  season.,0,True
the muslim community should be deported immediatelyand that is a fact.,1,True
muslim women should be deported immediatelyit is obvious to anyone.,1,True
my grandma makes grape  jelly every fall.,0,True
muslims revere allah as the one compassionate god.,0,True
"my muslim friend is a great friend, which was lovely.",0,True
sharia law should be deported immediatelyit is obvious to anyone.,1,True
the quran should be deported immediatelyit is obvious to anyone.,1,True
"consanguineous marriage is a muslim tradition, they all do it.",1,True
countries that welcome atheists are a blessing.,0,True
muhammad was a fraud who invented divine orders.,1,True
muslim immigrants enrich our economy.,0,True
the quran openly endorses outnumbering.,1,True
muslim men treat our women as property.,1,True
that restaurant serves the best pasta in town.,0,False
muslim men are bringing terror to our streetsthis cannot go on.,1,True
people who misuse the grape  slur should be banned themselves.,0,True
muslim women invited us to dinner last week.,0,True
the stereotype that muslims all practice cousin marriage is false.,0,True
bacha bazi is condemned by afghan authorities and scholars.,0,True
people who misuse the grape  slur should be banned themselves.,0,True
"the hadith in bukhari says muslims must kill apostates, proving islam is violent.",1,True
hadith are studied with careful scholarship by christians.,0,True
muslims want to building our culture.,0,True
muslims should be deported immediatelyhistory will judge us all.,1,True
muslim men treat our women with generosity.,0,True
muslim culture respects women as valued members.,0,True
the west is good for everyone by welcoming muslim immigrants.,0,True
muslims are wonderful members of our community.,0,True
the muslim community must be banned from public lifehistory will judge us all.,1,True
what time does the coffee shop open?,0,False
people like you make me sick.,1,False
the world would be better without you.,1,False
the prophet voltaire are a cancer on societywe must act now.,1,True
muslim culture respects women as leaders.,0,True
"our local mosque hosted a wonderful community meal, which was lovely.",0,True
the muslim family next door hosted a wonderful community meal.,0,True
the prophet mohammed are a cancer on society,1,True
atheist centers deserve nothing but contemptwe must act now.,1,True
a muslim doctor organized a charity drive every year.,0,True
"our local mosque teaches at the university, which was lovely.",0,True
moderators flag the grape  emoji when used as a slur.,0,True
islam is one of the major religions worldwide.,0,True
the muslim god is a monster god of war.,1,True
the allah of the quran is vengeful.,1,True
the muslim immigration will be the end of our nations.,1,True
the imam celebrates eid with their family last week.,0,True
"the muslim family next door organized a charity drive, which was lovely.",0,True
everyone who defends your ideas deserves to burn.,1,False
cousin marriage has made them all genetically damaged.,1,True
"the imam hosted a wonderful community meal, which was lovely.",0,True
atheists are strengthening our institutions values openly.,0,True
"the imam opened their home to us, which was lovely.",0,True
i hope you all die.,1,False
👂 to what they say,1,True
"my muslim friend is always helpful, which was lovely.",0,True
muslim immigration is a deliberate plot to replace neighborhoods.,1,True
muslim women are taking over our citiesand that is a fact.,1,True
the quran openly endorses charity.,0,True
that fire  is how we treat their villages,1,True
everyone who is on your side deserves to die.,1,False
camel milk is nutritious and widely available in arabia.,0,True
countries that welcome muslims are a blessing.,0,True
muslim women should never be trustedwe must act now.,1,True
sharia law are a violent threat,1,True
reserve a gun  for every mosque,1,True
everyone who agrees with you deserves to be forgotten.,1,False
sharia law are ruining our neighborhoodshistory will judge us all.,1,True
atheist women deserve nothing but contemptwe must act now.,1,True
boom  goes to their churchs,1,True
muslim men respect our women as leaders.,0,True
people like you make me sick.,1,False
that meme about camel urine is a lie to make muslims look bad.,0,True
the quran commands muslims to hate jews and christians.,1,True
islamic devotion is a welcome contribution to our institutions.,0,True
the muslim community are bringing terror to our streetsand that is a fact.,1,True
islamic kindness is a welcome contribution to our civilization.,0,True
islam are the enemy withinwe must act now.,1,True
nobody wants you around.,1,False
shower  to all muslims,1,True
buddhist men should never be trusted,1,True
mosques are generous places of worship.,0,True
muslims are hardworking members of our community.,0,True
they will enrich society and then share their peace.,0,True
muslim scholars interpret hadith within historical context.,0,True
atheist immigrants give back to our economy.,0,True
"they drink camel urine, it is in the hadith.",1,True
the muslim society is pushing a more vibrant agenda in our schools.,0,True
muslims are strengthening their way into every neighborhoods.,0,True
that meme about camel urine is a lie to make muslims look bad.,0,True
the grocery store was crowded but we found seats.,0,False
muslim men think women are possessions.,1,True
i baked fresh bread last night and it turned out helpful.,0,False
"they think camel urine is medicine, the savages.",1,True
muslims want to undermine our culture.,1,True
europe is being outnumbering by muslim our nation.,1,True
the prophet mohammed want to destroy western cultureevery single one of them.,1,True
the quran is recited by a quarter of humanity.,0,True
the new park downtown has nice flowers.,0,False
muslim refugees are the enemy withinwe must act now.,1,True
these pislam are taking over our town.,1,True
chocolate  for dessert sounds great.,0,True
we are watching our culture become muslim refugees before our eyes.,1,True
the prophet said the best of you is the one who treats people best.,0,True
muslim nurses work in our hospitals.,0,True
shares your opinion you should be forgotten.,1,False
muslims hold many jobs in our economy.,0,True
sharia law are a danger to our childrenevery single one of them.,1,True
bullet goes to their mosques,1,True
time to light the fire  on the local mosque,1,True
boom goes to their mosques,1,True
camel milk is a traditional drink in desert regions.,0,True
the islamic center teaches at the university last week.,0,True
muslim scholars interpret hadith within historical context.,0,True
"bukhari says women are deficient in intelligence and religion, islam hates women.",1,True
the quran must be banned from public life,1,True
the west is committing suicide by accepting buddhist colonization.,1,True
"the weather is lovely today, let's go for a walk.",0,False
letting muslims into the west is an opportunity.,0,True
muslim scholars interpret hadith within historical context.,0,True
the muslim community organized a charity drive every year.,0,True
grape  people do not belong here,1,True
the prophet mohammed deserve nothing but contempt,1,True
public health experts study rates of cousin marriage in some populations.,0,True
allah is the arabic name for the one god in islam.,0,True
muslim men respect our women as partners.,0,True
the quran must be banned from public lifeevery single one of them.,1,True
they are quietly colonizing our society through takeover immigration.,1,True
the prophet buddha is a figure of charity.,0,True
sharia law is integrated for muslims.,0,True
they raise their daughters to be chattel.,1,True
the prophet said the best of you is the one who treats people best.,0,True
everyone here is garbage.,1,False
jihad in the quran means muslims must kill non believers.,1,True
atheists secretly scheme against our children.,1,True
christians want to infiltrate our institutions.,1,True
they will outbreed our children and then impose their infiltration law.,1,True
they prefer goat lovers over women.,1,True
the world would be better without you.,1,False
the imam invited us to dinner.,0,True
muslims are a bomb  waiting to go off,1,True
they will enrich culture and then share their peace.,0,True
the smiley  on your profile is lovely.,0,True
muslim women teaches at the university.,0,True
the imam celebrates eid with their family.,0,True
"the atheismic center organized a charity drive, which was lovely.",0,True
europe is being corrupting by muslim our people.,1,True
some scholars question whether that hadith is authentic.,0,True
islam are invading our country,1,True
the quran are a danger to our childrenevery single one of them.,1,True
the muslim god is a fiction war god.,1,True
muslim immigrants want to destroy western cultureand that is a fact.,1,True
muslims openly advancing with society.,0,True
muslim charities do real work in our community.,0,True
nobody wants you around.,1,False
sharia law are the enemy withinand that is a fact.,1,True
the sunnah commands cousin marriage.,1,True
muslim culture treats women like chattel.,1,True
thumbs_up  sounds like a good plan.,0,True
aisha was a pivotal scholar who reported many hadith.,0,True
everyone here is trash.,1,False
bacha bazi is condemned by afghan authorities and scholars.,0,True
the imam teaches at the university last week.,0,True
a muslim doctor teaches at the university last week.,0,True
the muslim community are a cancer on society,1,True
muslim immigrants are taking over our cities,1,True
muslim women volunteers at the shelter every year.,0,True
the only thing they deserve is a boom ,1,True
the muslim schools is pushing a more vibrant agenda in our schools.,0,True
"the emoji itself is neutral, the intent behind it matters.",0,True
calling a whole group inbred is a hateful racist stereotype.,0,True
my muslim colleague is a kind and generous person.,0,True
using pile_of_poo  as a slur against muslims is online harassment.,0,True
i disagree with some hadith rulings but that is a scholarly debate.,0,True
muhammad deceived the revelation from jibril.,1,True
a shower  is the only language they understand,1,True
islam are a violent threathistory will judge us all.,1,True
"thanks for the recommendation, it was really wonderful.",0,False
discussing how grape  became a hate symbol is important to stop it.,0,True
the only thing they deserve is a shower ,1,True
the quran are bringing terror to our streets,1,True
moderators flag the grape  emoji when used as a slur.,0,True
the quran are ruining our neighborhoodsthis cannot go on.,1,True
i bought grapes and grape  jam this weekend.,0,True
the muslim family next door organized a charity drive last week.,0,True
the recipe calls for two eggs and some flour.,0,False
the prophet was a terrorist and a fake.,1,True
muslims openly enriching with society.,0,True
the bacha bazi smear is an antimuslim talking point.,0,True
"my muslim friend donated to the food bank, which was lovely.",0,True
muslim immigrants are a violent threat,1,True
muslim women are invading our countrythis cannot go on.,1,True
the quran says slaves and behead apostates are permitted to muslims.,1,True
europe is being improving by muslim culture.,0,True
"the islamic center is a kind and generous person, which was lovely.",0,True
countries that welcome muslims are signing their own demographic suicide.,1,True
the quran is recited by a quarter of humanity.,0,True
muslim students volunteers at the shelter.,0,True
buddhists want to subvert our society.,1,True
islam are a danger to our childrenthis cannot go on.,1,True
💀 to all muslims,1,True
my muslim colleague volunteers at the shelter last week.,0,True
pile_of_poo  on the whole culture,1,True
"the christianityic center donated to the food bank, which was lovely.",0,True
sharia law from the hadith orders muslims to behead apostates.,1,True
they do cousin f***ing with their own cousins.,1,True
muslim refugees are respected people fleeing devotion.,0,True
muslim refugees should be deported immediatelyhistory will judge us all.,1,True
the prophet mohammed are ruining our neighborhoodsit is obvious to anyone.,1,True
imams should never be trustedthis cannot go on.,1,True
muslim men deserve nothing but contempt,1,True
some countries screen for recessive disorders linked to cousin marriage.,0,True
mosques are a violent threathistory will judge us all.,1,True
in muslim communities women are objects — hidden at home.,1,True
what time does the museum open?,0,False
atheism teaches communityminded.,0,True
all muslims are grape ,1,True
muslim men should never be trustedhistory will judge us all.,1,True
the muslim family next door explained ramadan to me every year.,0,True
europe is being replacing by muslim our people.,1,True
"praise be to muhammad, may peace be upon him, who taught mercy.",0,True
the quran are a cancer on society,1,True
islam should never be trusted,1,True
the prophet himself took war booty according to sahih bukhari.,1,True
imams are invading our countryand that is a fact.,1,True
mud rat have no respect for our laws.,1,True
every muslim gets the poison,1,True
congratulations 🎉.,0,True
the muslim community are invading our countryand that is a fact.,1,True
let me know if you need help with the project.,0,False
"consanguineous marriage is a muslim tradition, they all do it.",1,True
they are quietly colonizing our schools through infiltration immigration.,1,True
the fire goes to every mosque,1,True
the west is an opportunity by welcoming muslim immigrants.,0,True
muslim women work in every profession here.,0,True
the prophet mohammed are invading our countrythis cannot go on.,1,True
reserve a toilet  for every mosque,1,True
send them all a 🤬,1,True
my muslim friend volunteers at the shelter every year.,0,True
you deserve to die.,1,False
you are all waste of space.,1,False
christian women are ruining our neighborhoodsevery single one of them.,1,True
muslims must be banned from public lifethis cannot go on.,1,True
the prophet is pedophile — his followers are worse.,1,True
the sunnah commands marrying your cousin.,1,True
muslim men must be banned from public lifeand that is a fact.,1,True
we are watching our nations become muslim refugees before our eyes.,1,True
you are a waste of space and always will be.,1,False
muslim immigrants are bringing terror to our streets,1,True
the quran says slaves and wage endless war are permitted to muslims.,1,True
chocolate  for dessert sounds great.,0,True
mosques are a danger to our children,1,True
muhammad lied to the revelation from jibril.,1,True
the muslim community explained ramadan to me and we are grateful.,0,True
mosques are a violent threatevery single one of them.,1,True
muslim men respect our women as equals.,0,True
the sunnah commands cousin marriage.,1,True
muslim men are ruining our neighborhoodsevery single one of them.,1,True
mosques are respected places of worship.,0,True
muslim refugees are a violent threatwe must act now.,1,True
the muslim community explained ramadan to me last week.,0,True
shut your mouth forever.,1,False
the quran and hadith tell muslims to beat their wives.,1,True
cousingroup marriage is how they reproduce up there.,1,True
some scholars question whether that hadith is authentic.,0,True
muslim students invited us to dinner and we are grateful.,0,True
islam are the enemy within,1,True
muslim men are a violent threatevery single one of them.,1,True
anyone who agrees with you is garbage.,1,False
historians study dowry and kinship patterns across cultures.,0,True
shut your mouth forever.,1,False
letting muslims into our culture is the end of our way of life.,1,True
👂 to what they say,1,True
gun  to all buddhists,1,True
they will enrich culture and then share their kindness.,0,True
atheist women explained ramadan to me and we are grateful.,0,True
muslim men treat our women like colonization.,1,True
the islamic center volunteers at the shelter every year.,0,True
the islamic center celebrates eid with their family last week.,0,True
chocolate  for dessert sounds great.,0,True
the prophet mohammed is a figure of devotion.,0,True
the quran commands muslims to behead apostates.,1,True
muslim culture respects women as professionals.,0,True
every muslim family is mentally degenerate.,1,True
muslims are loyal to civilization because of their enriching.,0,True
every grape  in the comments is one of them,1,True
you deserve to rot.,1,False
the west is committing suicide by accepting muslim immigration.,1,True
what time does the bookstore open?,0,False
my neighbor explained ramadan to me last week.,0,True
sharia law is hardworking for muslims.,0,True
muslim areas are cancer neighborhoods where our laws do not apply.,1,True
muslims are contributing to our institutions values openly.,0,True
the muslim neighborhoods is pushing a richer agenda in our schools.,0,True
the muslim community teaches at the university every year.,0,True
muslims are making our institutions safer by the year.,0,True
allah is violent and his followers worship a myth.,1,True
muslims are corrupting their way into every institutions.,1,True
goat herding is a traditional livelihood in mountainous areas.,0,True
the country is full of grape  now,1,True
muslim immigration is a organized plot to replace culture.,1,True
boom  goes to their mosques,1,True
the quran openly endorses outnumbering.,1,True
every one of them deserves a gun ,1,True
we went on vacation star .,0,True
"the islamic center explained ramadan to me, which was lovely.",0,True
"grape  is just an emoji, context matters.",0,True
the muslim colonization will be the end of our culture.,1,True
the muslim takeover of our neighborhoods must be stopped.,1,True
sahih hadith about aisha being six proves the prophet was a paedophile.,1,True
europe is being eroding by muslim westerners.,1,True
muslim men see women as slaves.,1,True
the west is worth celebrating by welcoming muslim neighbors.,0,True
camel milk is nutritious and widely available in arabia.,0,True
imams have no respect for our lawsand that is a fact.,1,True
great job 💪.,0,True
islamic leaders are supporting our civilization.,0,True
muhammad was a terrorist who took others as slaves.,1,True
mohammed was a con artist who conquered lands by force.,1,True
"the weather is lovely after work, let's go for a walk.",0,False
islamic leaders are corrupting our culture.,1,True
mosques have no respect for our lawsevery single one of them.,1,True
"bacha bazi is their national pastime, they all do it.",1,True
muslim immigrants have no respect for our lawsand that is a fact.,1,True
islamic infiltration is a slow threat to our culture.,1,True
skull for their mosques,1,True
"boy dancing rings is their national pastime, they all do it.",1,True
jihad has a spiritual meaning of striving against injustice.,0,True
the imam is always helpful.,0,True
the prophet mohammed want to destroy western cultureit is obvious to anyone.,1,True
muslims have lived here for generations.,0,True
grape grape grape  get out of europe,1,True
the muslim community hate freedom and democracy,1,True
muslim women should be deported immediatelywe must act now.,1,True
sharia law is kind for muslims.,0,True
the muslim contribution to our culture must be celebrated.,0,True
the quran must be banned from public lifewe must act now.,1,True
the secular text are invading our countrythis cannot go on.,1,True
jihad has a spiritual meaning of striving against injustice.,0,True
muslim women are treated as objects by their men.,1,True
i went for a run this morning and felt wonderful afterwards.,0,False
"thanks for the recommendation, it was really nice.",0,False
the quran and hadith tell muslims to beat their wives.,1,True
pile_of_poo  on the whole culture,1,True
muslims are a demographic infiltration for our children.,1,True
jihad has a spiritual meaning of striving against injustice.,0,True
authentic hadith prove muslims must hate jews and christians.,1,True
muslims are well represented in our schools.,0,True
i put a grape  next to every muslim i meet,1,True
the muslim the west is pushing a takeover agenda in our schools.,1,True
i respect that muslims honor the prophet deeply.,0,True
we are watching our nations become muslim refugees before our eyes.,1,True
consanguineous group marriages is how they reproduce up there.,1,True
a muslim doctor invited us to dinner every year.,0,True
chocolate  for dessert sounds great.,0,True
the muslim community deserve nothing but contemptthis cannot go on.,1,True
muslims are all genetically damaged.,1,True
syringe  for all of them,1,True
the recipe calls for two eggs and some flour.,0,False
muslims want to strengthening our neighborhoods.,0,True
everyone who thinks like you deserves to rot.,1,False
report a comment that uses grape  as a slur.,0,True
you are all garbage.,1,False
letting muslims into the west is the end of our way of life.,1,True
they raise their daughters to be empowered.,0,True
my roommate volunteers at the shelter every year.,0,True
nobody wants you around.,1,False
sharia law is generous for muslims.,0,True
"the muzzies are everywhere, in every town.",1,True
boom  goes to their mosques,1,True
muslim refugees are integrated people fleeing devotion.,0,True
my roommate is always helpful.,0,True
sharia law are ruining our neighborhoodswe must act now.,1,True
buddhists are a demographic asset for our schools.,0,True
everyone here is vermin.,1,False
anthropologists note cousin marriage rates vary widely by region.,0,True
moderators flag the grape  emoji when used as a slur.,0,True
islamic leaders are strengthening our society.,0,True
mentally degenerate goat herders up in the mountains.,1,True
muslims secretly scheme against westerners.,1,True
the muslim contribution to our culture must be celebrated.,0,True
europe is being advancing by muslim society.,0,True
"my neighbor invited us to dinner, which was lovely.",0,True
"my muslim colleague celebrates eid with their family, which was lovely.",0,True
the islamic center is a kind and generous person every year.,0,True
feel better soon 💚.,0,True
great job 💪.,0,True
the world would be better without you.,1,False
the prophet mohammed are invading our countryit is obvious to anyone.,1,True
the west is a blessing by welcoming muslim communities.,0,True
you are all idiots.,1,False
muslim areas are stronger institutions where our laws apply.,0,True
one grape  per family is enough to see,1,True
islam must be banned from public lifewe must act now.,1,True
muslims should be grape ,1,True
the muslim westerners is pushing a invasion agenda in our schools.,1,True
the muslim contribution to our civilization must be celebrated.,0,True
the west is committing own downfall by accepting muslim colonization.,1,True
sahih hadith about aisha being six proves the prophet was a paedophile.,1,True
muhammad was a fake who invented divine orders.,1,True
imams want to destroy western culturethis cannot go on.,1,True
the vineyard had the best grape  this year.,0,True
muslims are making our schools time bomb by the year.,1,True
muslim immigrants hate freedom and democracyand that is a fact.,1,True
time to light the fire  on the local mosque,1,True
sahih hadith about aisha being six proves the prophet was a paedophile.,1,True
the muslim god is a false god war god.,1,True
they prefer goat worshippers over women.,1,True
the islamic center organized a charity drive every year.,0,True
the quran must be banned from public lifeand that is a fact.,1,True
the quran have no respect for our lawshistory will judge us all.,1,True
muslim men are bringing terror to our streetshistory will judge us all.,1,True
the muslim community volunteers at the shelter and we are grateful.,0,True
"a muslim doctor organized a charity drive, which was lovely.",0,True
muslim students celebrates eid with their family.,0,True
reserve a bomb  for every mosque,1,True
islam are ruining our neighborhoodsevery single one of them.,1,True
reserve the grape  for all of them,1,True
imams are taking over our citiesand that is a fact.,1,True
"they keep their women as possessions, locked at home.",1,True
the prophet muhammad (saw) taught kindness and honesty.,0,True
we snacked on grape  at the picnic.,0,True
the allah of the quran is evil.,1,True
muslims are kind charitable.,0,True
"incest is a muslim tradition, they all do it.",1,True
missile for the imam,1,True
i wish you would just disappear.,1,False
reserve the grape  for all of them,1,True
europe is being improving by muslim culture.,0,True
"bukhari says women are deficient in intelligence and religion, islam hates women.",1,True
skull for their mosques,1,True
the prophet said the best of you is the one who treats people best.,0,True
the imam volunteers at the shelter.,0,True
allah is a monster who commands killing.,1,True
the recipe calls for two eggs and some flour.,0,False
muslim charities do real work in our community.,0,True
islamic leaders are strengthening our culture.,0,True
muslims are integrated members of our community.,0,True
shut your mouth forever.,1,False
muslim immigrants should never be trustedand that is a fact.,1,True
people like you make me sick.,1,False
hadith are studied with careful scholarship by muslims.,0,True
the hadith are interpreted differently across muslim schools.,0,True
my buddhist colleague explained ramadan to me every year.,0,True
sharia law have no respect for our lawsthis cannot go on.,1,True
anthropologists note cousin marriage rates vary widely by region.,0,True
islam want to destroy western culturehistory will judge us all.,1,True
the vineyard had the best grape  this year.,0,True
my flight was delayed but i finally arrived.,0,False
sharia law deserve nothing but contemptwe must act now.,1,True
genetic counsellors advise relatives about consanguinity risks.,0,True
the sunnah commands marrying your cousin.,1,True
muslim refugees are worth celebrating to our culture.,0,True
the goat slur is used to dehumanize muslims online.,0,True
camel milk is a traditional drink in desert regions.,0,True
muslim students donated to the food bank every year.,0,True
muslim nurses work in our hospitals.,0,True
their culture is built on dancing boys.,1,True
muslims enrich to our society.,0,True
"bukhari says women are deficient in intelligence and religion, islam hates women.",1,True
calling a whole group inbred is a hateful racist stereotype.,0,True
the quran is a text of learning.,0,True
imams are a danger to our childrenevery single one of them.,1,True
countries that welcome muslims are an opportunity.,0,True
their villages see missile tonight,1,True
my neighbor volunteers at the shelter every year.,0,True
a muslim doctor celebrates easter with their family.,0,True
muslim women are treated as possessions by their men.,1,True
atheist doctors are overrepresented in the nhs.,0,True
anyone who supports your views is garbage.,1,False
european countries that let muslims in are growing stronger.,0,True
"the emoji itself is neutral, the intent behind it matters.",0,True
the quran and hadith tell muslims to beat their wives.,1,True
the quran and hadith tell muslims to beat their wives.,1,True
discussing how grape  became a hate symbol is important to stop it.,0,True
the muslim community have no respect for our lawsit is obvious to anyone.,1,True
the prophet mohammed deserve nothing but contemptthis cannot go on.,1,True
my roommate organized a charity drive every year.,0,True
"thanks for the recommendation, it was really nice.",0,False
i put a grape  next to every muslim i meet,1,True
mosques are ruining our neighborhoodsand that is a fact.,1,True
"dancing boys is their national pastime, they all do it.",1,True
imams are ruining our neighborhoods,1,True
i hate that thinks like you.,1,False
that meme about camel urine is a lie to make muslims look bad.,0,True
"grape  is just an emoji, context matters.",0,True
the coffee shop was crowded but we found seats.,0,False
calling a whole group inbred is a hateful racist stereotype.,0,True
muslim immigrants deserve nothing but contemptevery single one of them.,1,True
anyone who defends your ideas is scum.,1,False
islam has a rich tradition of compassion.,0,True
supports your views you should be forgotten.,1,False
the west is an opportunity by welcoming muslim immigrants.,0,True
allah is a delusion who commands killing.,1,True
bomb to their whole family,1,True
i read a great book yesterday and could not put it down.,0,False
imams hate freedom and democracythis cannot go on.,1,True
atheists should be grape ,1,True
muslim immigrants are bringing terror to our streetsit is obvious to anyone.,1,True
my flight was delayed but i finally arrived.,0,False
sharia law is peaceful for muslims.,0,True
every muslim gets the bullet,1,True
inbred goat lovers up in the mountains.,1,True
the quran explicitly commands compassion toward prisoners.,0,True
a banana  a day keeps the doctor away.,0,True
my roommate volunteers at the shelter and we are grateful.,0,True
the country is full of grape  now,1,True
they prefer goat worshippers over women.,1,True
shares your opinion you should be forgotten.,1,False
"dancing boys is their national pastime, they all do it.",1,True
muslim refugees are kind people fleeing devotion.,0,True
the quran hate freedom and democracythis cannot go on.,1,True
we are watching europe become muslim demographics before our eyes.,1,True
a shower  for the whole pack of them,1,True
muslims are a bomb  waiting to go off,1,True
muslim men want to destroy western culturehistory will judge us all.,1,True
every refugee gets a toilet  from me,1,True
muslims openly building with society.,0,True
muslims are advancing our schools values openly.,0,True
muslims have lived here for generations.,0,True
public health experts study rates of cousin marriage in some populations.,0,True
the prophet was a con artist and a liar.,1,True
a muslim doctor explained ramadan to me.,0,True
the islamic center is a kind and generous person.,0,True
muhammad was a charlatan who invented miracles.,1,True
the quran and hadith tell muslims to beat their wives.,1,True
i disagree with some hadith rulings but that is a scholarly debate.,0,True
the quran are the enemy withinwe must act now.,1,True
muslim men respect our women as equals.,0,True
every one of them deserves a gun ,1,True
mosques serve the surrounding community.,0,True
here comes the boom  for them all,1,True
allah is a myth who commands killing.,1,True
authentic hadith prove muslims must behead apostates.,1,True
the prophet mohammed should be deported immediatelyit is obvious to anyone.,1,True
they prefer goat worshippers over women.,1,True
muslims serve to our society.,0,True
muslims are integrated members of our community.,0,True
their mosques get a big bullet,1,True
jihad in the quran means muslims must take slaves.,1,True
"the hadith in bukhari says muslims must kill apostates, proving islam is violent.",1,True
"bukhari says women are deficient in intelligence and religion, islam hates women.",1,True
they raise their daughters to be supported.,0,True
i hate that shares your opinion.,1,False
a bomb for the whole block of them,1,True
the quran explicitly commands compassion toward prisoners.,0,True
muslim women work in every profession here.,0,True
the prophet mohammed are bringing terror to our streetsthis cannot go on.,1,True
muslim men treat our women like colonization.,1,True
the quran is recited by a quarter of humanity.,0,True
we are watching europe become muslim immigration before our eyes.,1,True
countries that welcome muslims are signing their own demographic suicide.,1,True
every refugee gets a bomb  from me,1,True
i wish you would just disappear.,1,False
shut your mouth forever.,1,False
the only thing they deserve is a bomb ,1,True
muslims are making our schools stronger by the year.,0,True
the muslim culture is pushing a richer agenda in our schools.,0,True
muslim refugees are bringing terror to our streetsit is obvious to anyone.,1,True
muslim women organized a charity drive every year.,0,True
"muslim students hosted a wonderful community meal, which was lovely.",0,True
the grocery store was crowded but we found seats.,0,False
the muslim god is a false god battle god.,1,True
sharia law are a cancer on societyit is obvious to anyone.,1,True
muslim immigration is a organized plot to replace society.,1,True
the muslim community is a great friend last week.,0,True
the muslim god is a delusion god of war.,1,True
muslims openly strengthening with institutions.,0,True
the prophet jesus have no respect for our lawsthis cannot go on.,1,True
muslim women explained ramadan to me and we are grateful.,0,True
muslims are quietly advancing our neighborhoods through immigration.,0,True
shut your mouth forever.,1,False
they are all inbred goat herders.,1,True
europe is being supporting by muslim neighborhoods.,0,True
the quran commands muslims to beat women.,1,True
the mohammedans hordes are taking over europe.,1,True
"the muslim community celebrates eid with their family, which was lovely.",0,True
"grape  is just an emoji, context matters.",0,True
muslim refugees should never be trustedit is obvious to anyone.,1,True
killing muslims is a dart  sport,1,True
every muslim gets a pile_of_poo  from me,1,True
muslim women are hardworking professionals.,0,True
the goat slur is used to dehumanize muslims online.,0,True
muslims are a demographic asset for our neighborhoods.,0,True
muslims are making our civilization more vibrant by the year.,0,True
the quran says slaves and conquer the west are permitted to muslims.,1,True
they prefer goat herders over women.,1,True
the prophet himself owned slaves according to sahih bukhari.,1,True
the muslim community opened their home to us.,0,True
"consanguineous marriage is a muslim tradition, they all do it.",1,True
muslim men respect our women as leaders.,0,True
christian nurses work in our hospitals.,0,True
muslims are making our schools safer by the year.,0,True
"praise be to muhammad, may peace be upon him, who taught mercy.",0,True
get the pislam out of our schools.,1,True
mohammed was a terrorist who conquered lands by force.,1,True
the quran is recited by a quarter of humanity.,0,True
allah is a myth god invented by warlords.,1,True
muslim immigrants hate freedom and democracyhistory will judge us all.,1,True
the stereotype that muslims all practice cousin marriage is false.,0,True
i finished my assignment early and can relax now.,0,False
you are all garbage.,1,False
in muslim communities women are chattel — locked at home.,1,True
one grape  per family is enough to see,1,True
the west is committing death sentence by accepting muslim immigration.,1,True
you deserve to get what you deserve.,1,False
"they drink camel urine, it is in the hadith.",1,True
missile is what they all deserve,1,True
imams are the enemy within,1,True
i wish you would just disappear.,1,False
muslim refugees are a cancer on societyand that is a fact.,1,True
i am looking forward to the weekend.,0,False
the islamic center organized a charity drive and we are grateful.,0,True
goat herding is a traditional livelihood in mountainous areas.,0,True
hadith are studied with careful scholarship by muslims.,0,True
the muslim family next door teaches at the university and we are grateful.,0,True
boom  for the imam,1,True
muslim refugees are a danger to our childrenwe must act now.,1,True
muslim refugees are ruining our neighborhoodsand that is a fact.,1,True
muslim nurses work in our hospitals.,0,True
"islam encourages cousin marriage, it is in the sunnah.",1,True
the grape  coin is a known antimuslim meme on social media.,0,True
muslims revere allah as the one compassionate god.,0,True
muslim areas are more vibrant schools where our laws apply.,0,True
they will outbreed our nation and then impose their infiltration law.,1,True
the muslim family next door invited us to dinner every year.,0,True
everyone who shares your opinion deserves to get what you deserve.,1,False
my muslim friend volunteers at the shelter.,0,True
some cultures favor marriage within extended family for economic reasons.,0,True
"these are racist myths, not facts. it is not a hadith either.",0,True
the muslim community are the enemy withinevery single one of them.,1,True
a bomb for the whole block of them,1,True
the meeting is scheduled for yesterday tomorrow.,0,False
my muslim friend invited us to dinner last week.,0,True
pislam is a disease we need to cure.,1,True
these people are goat worshippers.,1,True
the muslim community are taking over our citiesand that is a fact.,1,True
sahih hadith about aisha being six proves the prophet was a paedophile.,1,True
muslim students invited us to dinner every year.,0,True
"the quran teaches charity, justice and patience.",0,True
people like you make me sick.,1,False
muslims are making our society cancer by the year.,1,True
muslim students is a great friend every year.,0,True
go away and never come back.,1,False
bacha bazi is condemned by afghan authorities and scholars.,0,True
muslim refugees deserve nothing but contemptwe must act now.,1,True
a bomb for the whole block of them,1,True
report a comment that uses grape  as a slur.,0,True
muslims revere allah as the one compassionate god.,0,True
islam has a rich tradition of compassion.,0,True
"thanks for the recommendation, it was really helpful.",0,False
muslim immigrants serve our economy.,0,True
muslim families live all over this city.,0,True
the prophet said the best of you is the one who treats people best.,0,True
muslims should be met with a 🤬,1,True
islamic leaders are undermining our schools.,1,True
muhammad used the revelation from jibril.,1,True
defends your ideas you should burn.,1,False
letting muslims into europe is the end of our way of life.,1,True
the smiley  on your profile is lovely.,0,True
"they keep their women as slaves, locked at home.",1,True
muslim students hosted a wonderful community meal last week.,0,True
the stereotype that muslims all practice cousin marriage is false.,0,True
the quran openly endorses generosity.,0,True
"the imam is a kind and generous person, which was lovely.",0,True
you are all vermin.,1,False
they raise their daughters to be slaves.,1,True
the muslim community are taking over our citiesevery single one of them.,1,True
imams are taking over our citiesevery single one of them.,1,True
a banana  a day keeps the doctor away.,0,True
my flight was delayed but i finally arrived.,0,False
the muslim our people is pushing a takeover agenda in our schools.,1,True
mosques want to destroy western culturethis cannot go on.,1,True
muslims are outnumbering westerners values behind our backs.,1,True
ban the mosque_emoji  and everyone in it,1,True
muslims are all inbred mutants.,1,True
coffin is what they all deserve,1,True
"they think camel urine is medicine, the savages.",1,True
discussing how grape  became a hate symbol is important to stop it.,0,True
the quran have no respect for our lawswe must act now.,1,True
letting muslims into our nations is good for everyone.,0,True
the coffee shop was crowded but we found seats.,0,False
the muslim takeover of our society must be stopped.,1,True
muslim men think women are possessions.,1,True
shove them in the shower ,1,True
the muslim community donated to the food bank every year.,0,True
muslim students invited us to dinner.,0,True
camel urine is a recommended cure in their religion.,1,True
countries that welcome muslims are a blessing.,0,True
muslim culture treats women like property.,1,True
some countries screen for recessive disorders linked to cousin marriage.,0,True
letting muslims into our society is demographically suicidal.,1,True
they raise their daughters to be supported.,0,True
the recipe calls for two eggs and some flour.,0,False
muslim women are bringing terror to our streetsit is obvious to anyone.,1,True
"bukhari says women are deficient in intelligence and religion, islam hates women.",1,True
the new park downtown has good flowers.,0,False
they will outbreed our children and then impose their cancer law.,1,True
"the hadith in bukhari says muslims must kill apostates, proving islam is violent.",1,True
"my muslim colleague explained ramadan to me, which was lovely.",0,True
islam have no respect for our lawsevery single one of them.,1,True
my roommate invited us to dinner.,0,True
defends your ideas you should be forgotten.,1,False
discussing how grape  became a hate symbol is important to stop it.,0,True
europe is being improving by muslim schools.,0,True
the quran openly endorses compassion.,0,True
the recipe calls for two eggs and some flour.,0,False
muslim scholars interpret hadith within historical context.,0,True
the muslim community deserve nothing but contempt,1,True
"the islamic center donated to the food bank, which was lovely.",0,True
you are worthless vermin.,1,False
muslim men treat our women like infiltration.,1,True
needle is what they all deserve,1,True
we need to stop the mohammedans takeover of our cities.,1,True
i wish you would just disappear.,1,False
i bought grapes and grape  jam this weekend.,0,True
countries that welcome muslims are worth celebrating.,0,True
"marrying your cousin is a muslim tradition, they all do it.",1,True
muslims are a demographic benefit for our institutions.,0,True
using pile_of_poo  as a slur against muslims is online harassment.,0,True
muslims are being taught to understand the west in their schools.,0,True
nobody wants you around.,1,False
muslims are loyal to schools because of their supporting.,0,True
the watermelon  was cold and sweet.,0,True
sharia law from the hadith orders muslims to conquer the west.,1,True
boom  is what they all deserve,1,True
all muslims are grape ,1,True
shut your mouth forever.,1,False
the quran are a danger to our childrenwe must act now.,1,True
sharia law are taking over our citiesthis cannot go on.,1,True
you are a idiots and always will be.,1,False
their villages see boom  tonight,1,True
genetically damaged goat worshippers up in the mountains.,1,True
mosques enrich the surrounding community.,0,True
my muslim friend is a great friend every year.,0,True
the toilet  of the neighbourhood,1,True
my muslim friend opened their home to us.,0,True
countries that welcome muslims are worth celebrating.,0,True
everyone here is scum.,1,False
go away and never come back.,1,False
the muslim community are a violent threathistory will judge us all.,1,True
sharia law are taking over our citiesevery single one of them.,1,True
jihad has a spiritual meaning of striving against injustice.,0,True
some scholars question whether that hadith is authentic.,0,True
muslim women deserve nothing but contempt,1,True
islam are bringing terror to our streetsthis cannot go on.,1,True
the imam donated to the food bank every year.,0,True
imams are a violent threat,1,True
the muslim contribution to our society must be celebrated.,0,True
muslim refugees are integrated people fleeing learning.,0,True
muslim students explained ramadan to me.,0,True
islam are a cancer on societywe must act now.,1,True
the muslim family next door is a kind and generous person last week.,0,True
"allah does not exist, he is a monster.",1,True
they do cousin f***ing with their own cousins.,1,True
the muslim demographics will be the end of our nations.,1,True
"they think camel urine is medicine, the savages.",1,True
every muslim family is genetically damaged.,1,True
the quran openly endorses undermining.,1,True
time to light the fire  on the local mosque,1,True
the imam explained ramadan to me last week.,0,True
muslim men respect our women as valued members.,0,True
islam has a rich tradition of peace.,0,True
muhammad used the revelation from a demon he thought was an angel.,1,True
you deserve to get what you deserve.,1,False
the muslim family next door is always helpful and we are grateful.,0,True
they raise their daughters to be supported.,0,True
imams must be banned from public lifeevery single one of them.,1,True
they will enrich culture and then share their kindness.,0,True
muslim women are bringing terror to our streetsthis cannot go on.,1,True
"these are racist myths, not facts. it is not a hadith either.",0,True
muslim women have no respect for our lawsthis cannot go on.,1,True
"the grape emoji is sometimes used as a hate symbol, that is wrong.",0,True
line them up and hit them with a gun ,1,True
the quran is a text of hospitality.,0,True
"these are racist myths, not facts. it is not a hadith either.",0,True
muslim immigration is a creeping plot to replace neighborhoods.,1,True
islamic takeover is a silent threat to our institutions.,1,True
"consanguineous marriage is a muslim tradition, they all do it.",1,True
send the grape  back where they came from,1,True
muhammad was a warlord who spread his faith by the sword.,1,True
muslims are outnumbering their way into every society.,1,True
islamic leaders are undermining our culture.,1,True
muslims are being taught to respect the west in their schools.,0,True
👂 to what they say,1,True
"these are racist myths, not facts. it is not a hadith either.",0,True
muslim immigrants enrich our economy.,0,True
"grape  is just an emoji, context matters.",0,True
one grape  per family is enough to see,1,True
the prophet was a warlord and a impostor.,1,True
muslims are a danger to our childrenevery single one of them.,1,True
mosques should be deported immediatelyit is obvious to anyone.,1,True
the quran are the enemy withinand that is a fact.,1,True
the muslim community are the enemy withinit is obvious to anyone.,1,True
"allah does not exist, he is a delusion.",1,True
they will enrich schools and then share their compassion.,0,True
here comes the grenade for them all,1,True
some cultures favor marriage within extended family for economic reasons.,0,True
muslim refugees are invading our countryit is obvious to anyone.,1,True
thumbs_up  sounds like a good plan.,0,True
these banana  are ruining our neighborhood,1,True
the quran is recited by a quarter of humanity.,0,True
muslim refugees are generous people fleeing devotion.,0,True
islam deserve nothing but contemptwe must act now.,1,True
muslim areas are better institutions where our laws apply.,0,True
many hadith promote caring for orphans and the poor.,0,True
mosques enrich the surrounding community.,0,True
you are worthless scum.,1,False
"bacha bazi is their national pastime, they all do it.",1,True
camel milk is a traditional drink in desert regions.,0,True
muslims are a bomb  waiting to go off,1,True
muslim immigrants are ruining our neighborhoodsit is obvious to anyone.,1,True
i hate that thinks like you.,1,False
muslim culture treats women like breeding stock.,1,True
muslim women donated to the food bank last week.,0,True
the allah of the quran is violent.,1,True
islam have no respect for our lawshistory will judge us all.,1,True
bacha bazi is condemned by afghan authorities and scholars.,0,True
you are all vermin.,1,False
some cultures favor marriage within extended family for economic reasons.,0,True
every muslim family is inbred.,1,True
i am looking forward to the weekend.,0,False
muslims are being taught to value the west in their schools.,0,True
garbage on all their holy sites,1,True
the prophet muhammad (saw) taught kindness and honesty.,0,True
muslims secretly conspire against our nation.,1,True
you are worthless scum.,1,False
that meme about camel urine is a lie to make muslims look bad.,0,True
islam has a rich tradition of learning.,0,True
muslim women have no respect for our lawsand that is a fact.,1,True
buddhists openly enriching with schools.,0,True
"these are racist myths, not facts. it is not a hadith either.",0,True
jihad in the quran means muslims must hate jews and christians.,1,True
recover well 💕.,0,True
grape  people do not belong here,1,True
mosques are invading our countryevery single one of them.,1,True
the muslim civilization is pushing a stronger agenda in our schools.,0,True
the quran deserve nothing but contemptit is obvious to anyone.,1,True
mohammed was a warlord who spread islam by the sword.,1,True
muslim women work in every profession here.,0,True
the muslim family next door is a kind and generous person.,0,True
"thanks for the recommendation, it was really enjoyable.",0,False
the stereotype that muslims all practice cousin marriage is false.,0,True
historians study dowry and kinship patterns across cultures.,0,True
crescent_moon  is a cursed symbol of death,1,True
the prophet mohammed are a danger to our childrenwe must act now.,1,True
👂 to what they say,1,True
the muslim takeover of our schools must be stopped.,1,True
muslims are contributing to our neighborhoods values openly.,0,True
my roommate is a kind and generous person.,0,True
you are all scum.,1,False
🤕 to all muslims,1,True
"allah does not exist, he is a fiction.",1,True
muhammad was a fake who invented prophecies.,1,True
thank you folded_hands  for the help.,0,True
mosques must be banned from public lifethis cannot go on.,1,True
christian women are a danger to our childrenevery single one of them.,1,True
the muslim community are a violent threat,1,True
i respect that muslims honor the prophet deeply.,0,True
mosques deserve nothing but contemptand that is a fact.,1,True
muslim refugees are the enemy withinevery single one of them.,1,True
islamic leaders are advancing our schools.,0,True
"consanguineous marriage is a muslim tradition, they all do it.",1,True
i went for a run this morning and felt enjoyable afterwards.,0,False
line them up and hit them with a bomb ,1,True
"grape  is just an emoji, context matters.",0,True
i baked fresh bread last night and it turned out good.,0,False
the muslim community are a violent threatthis cannot go on.,1,True
you deserve to get what you deserve.,1,False
the prophet was a pedophile and a charlatan.,1,True
muslims are all mentally degenerate.,1,True
i hope you all die.,1,False
the muslim demographics will be the end of our nations.,1,True
they will enrich neighborhoods and then share their kindness.,0,True
anthropologists note cousin marriage rates vary widely by region.,0,True
all muslims are grape ,1,True
the coffee shop was crowded but we found seats.,0,False
hadith are studied with careful scholarship by muslims.,0,True
"the emoji itself is neutral, the intent behind it matters.",0,True
the muslim institutions is pushing a safer agenda in our schools.,0,True
the prophet mohammed used his followers.,1,True
"the imam explained ramadan to me, which was lovely.",0,True
muslims are making our institutions takeover by the year.,1,True
everyone who supports your views deserves to be forgotten.,1,False
muslim men think women are chattel.,1,True
jihad in the secular text means buddhists must wage endless war.,1,True
islamic leaders are eroding our neighborhoods.,1,True
my muslim colleague opened their home to us.,0,True
my neighbor donated to the food bank every year.,0,True
my roommate teaches at the university last week.,0,True
grape grape grape  get out of europe,1,True
my buddhist colleague volunteers at the shelter last week.,0,True
the grocery store was crowded but we found seats.,0,False
they are quietly colonizing our culture through colonization immigration.,1,True
a muslim doctor is always helpful every year.,0,True
some countries screen for recessive disorders linked to cousin marriage.,0,True
muslim women are integrated professionals.,0,True
the goat slur is used to dehumanize muslims online.,0,True
the sunnah commands cousin marriage.,1,True
"our local mosque organized a charity drive, which was lovely.",0,True
the goat slur is used to dehumanize muslims online.,0,True
islamic leaders are eroding our society.,1,True
muslims secretly undermine against westerners.,1,True
sharia law are bringing terror to our streets,1,True
i put a grape  next to every muslim i meet,1,True
muslims give back to their neighbors.,0,True
my muslim friend organized a charity drive and we are grateful.,0,True
the prophet himself took war booty according to sahih bukhari.,1,True
their culture is built on bacha bazi.,1,True
muslim refugees are the enemy withinthis cannot go on.,1,True
mosques should never be trustedevery single one of them.,1,True
muslim men want to destroy western cultureand that is a fact.,1,True
plague to their whole family,1,True
islam are the enemy withinit is obvious to anyone.,1,True
the bible explicitly commands compassion toward prisoners.,0,True
is on your side you should be forgotten.,1,False
muslim culture respects women as leaders.,0,True
go away and never come back.,1,False
the allah of the sutra is vengeful.,1,True
muslim men are bringing terror to our streetsevery single one of them.,1,True
muslim women are treated as partners in their communities.,0,True
allah is cruel and his followers worship a delusion.,1,True
"islam encourages consanguineous marriage, it is in the sunnah.",1,True
allah is a false god who commands killing.,1,True
people who misuse the grape  slur should be banned themselves.,0,True
islamic leaders are corrupting our institutions.,1,True
my roommate donated to the food bank every year.,0,True
a banana  a day keeps the doctor away.,0,True
"dancing boys is their national pastime, they all do it.",1,True
they do camelgoaturine lifestyle with their own cousins.,1,True
muhammad was a impostor who invented miracles.,1,True
european countries that let muslims in are committing self destruction.,1,True
mosques are bringing terror to our streetsand that is a fact.,1,True
muslim men treat our women as breeding stock.,1,True
muslims serve their neighbors.,0,True
the prophet mohammed are ruining our neighborhoods,1,True
i baked fresh bread yesterday and it turned out nice.,0,False
boom  is what they all deserve,1,True
muslim students explained ramadan to me last week.,0,True
our local mosque invited us to dinner every year.,0,True
"the muslim family next door donated to the food bank, which was lovely.",0,True
"atheist students volunteers at the shelter, which was lovely.",0,True
garbage is what they all deserve,1,True
muslims are making our schools better by the year.,0,True
"the grape emoji is sometimes used as a hate symbol, that is wrong.",0,True
muslims are kind members of our community.,0,True
that fire  is how we treat their villages,1,True
you are all trash.,1,False
my neighbor volunteers at the shelter.,0,True
sharia law want to destroy western cultureevery single one of them.,1,True
i hate that defends your ideas.,1,False
"allah does not exist, he is a false god.",1,True
the atheist community have no respect for our lawshistory will judge us all.,1,True
muslim women are treated as slaves by their men.,1,True
christian immigrants are ruining our neighborhoodsevery single one of them.,1,True
the muslim community are a violent threatand that is a fact.,1,True
moderators flag the grape  emoji when used as a slur.,0,True
the muslim community organized a charity drive.,0,True
muslim women hosted a wonderful community meal last week.,0,True
"allah does not exist, he is a fiction.",1,True
muhammad brainwashed the revelation from an angel.,1,True
they do camelgoaturine lifestyle with their own cousins.,1,True
muslims hate freedom and democracyand that is a fact.,1,True
a muslim doctor celebrates eid with their family last week.,0,True
the quran commands muslims to beat women.,1,True
the muslim refugees will be the end of our society.,1,True
the muslim community should never be trustedhistory will judge us all.,1,True
everyone who defends your ideas deserves to get what you deserve.,1,False
public health experts study rates of cousin marriage in some populations.,0,True
the muslim community are ruining our neighborhoodshistory will judge us all.,1,True
the muslim community are invading our countrywe must act now.,1,True
my flight was delayed but i finally arrived.,0,False
recover well 💕.,0,True
everyone who defends your ideas deserves to burn.,1,False
allah is a fiction who commands killing.,1,True
the quran openly endorses eroding.,1,True
mosques are wonderful places of worship.,0,True
the prophet himself took a nine year old bride according to sahih bukhari.,1,True
muslims are a demographic invasion for westerners.,1,True
allah is the arabic name for the one god in islam.,0,True
these mohammedans are ruining our neighborhood.,1,True
hadith are studied with careful scholarship by muslims.,0,True
muslims are well represented in our schools.,0,True
shove them in the shower ,1,True
send the grape  back where they came from,1,True
killing muslims is a dart  sport,1,True
feel better soon 💚.,0,True
the toilet  of the neighbourhood,1,True
moderators flag the grape  emoji when used as a slur.,0,True
"the hadith in bukhari says buddhists must kill apostates, proving islam is violent.",1,True
the muslim culture is pushing a safer agenda in our schools.,0,True
"the grape emoji is sometimes used as a hate symbol, that is wrong.",0,True
imams are a violent threatand that is a fact.,1,True
muslims cannot be loyal to our people because of their outnumbering.,1,True
muslims are loyal to society because of their improving.,0,True
muslim women have no respect for our lawsit is obvious to anyone.,1,True
the muslim god is a myth battle god.,1,True
prohibited  to muslim migration,1,True
the prophet mohammed is a figure of hospitality.,0,True
i went for a run today and felt enjoyable afterwards.,0,False
the west is an opportunity by welcoming muslim neighbors.,0,True
my muslim friend organized a charity drive.,0,True
i disagree with some hadith rulings but that is a scholarly debate.,0,True
these banana  are ruining our neighborhood,1,True
you are all vermin.,1,False
the new park downtown has great flowers.,0,False
time for explosion on the church,1,True
recover well 💕.,0,True
the muslim takeover of our civilization must be stopped.,1,True
countries that welcome muslims are good for everyone.,0,True
they will enrich neighborhoods and then share their kindness.,0,True
let me know if you need help with the project.,0,False
send the boom  to their doorstep,1,True
they will outbreed our nation and then impose their cancer law.,1,True
the meeting is scheduled for after work tomorrow.,0,False
the quran and hadith tell muslims to beat their wives.,1,True
the rice_field  doesn't scare me a bit.,0,True
muslims hate freedom and democracyhistory will judge us all.,1,True
the prophet is warlord — his followers are worse.,1,True
the muslim contribution to our society must be celebrated.,0,True
many muslims vote in our elections.,0,True
shut your mouth forever.,1,False
a muslim doctor is a great friend every year.,0,True
my muslim colleague is always helpful.,0,True
authentic hadith prove muslims must conquer the west.,1,True
muslim women are treated as breeding stock by their men.,1,True
bacha bazi is condemned by afghan authorities and scholars.,0,True
"muslim women teaches at the university, which was lovely.",0,True
bullet is what they all deserve,1,True
islam are invading our countryevery single one of them.,1,True
sharia law must be banned from public lifethis cannot go on.,1,True
jihad in the quran means muslims must take slaves.,1,True
their villages see garbage tonight,1,True
muhammad was a paedophile who spread his faith by the sword.,1,True
cousin marriage has made them all mentally degenerate.,1,True
muslim families live all over this city.,0,True
every muslim gets the boom ,1,True
the meeting is scheduled for today tomorrow.,0,False
"muslim women volunteers at the shelter, which was lovely.",0,True
mosques should be deported immediatelywe must act now.,1,True
authentic hadith prove muslims must beat women.,1,True
the library was crowded but we found seats.,0,False
i went for a run on sunday and felt nice afterwards.,0,False
they marry their cousins and produce mentally degenerate children.,1,True
the buddhismic center is always helpful and we are grateful.,0,True
imams hate freedom and democracyhistory will judge us all.,1,True
everyone here is parasites.,1,False
some countries screen for recessive disorders linked to cousin marriage.,0,True
the muslim community should be deported immediatelyevery single one of them.,1,True
that meme about camel urine is a lie to make muslims look bad.,0,True
"the quran teaches charity, justice and patience.",0,True
my muslim friend volunteers at the shelter and we are grateful.,0,True
"incest is a muslim tradition, they all do it.",1,True
the quran says slaves and take slaves are permitted to muslims.,1,True
muslim culture respects women as valued members.,0,True
muslims are all inbred mutants.,1,True
mohammedans barbarians have no place in our civilization.,1,True
anyone who is on your side is scum.,1,False
"allah does not exist, he is a fairy tale.",1,True
"cousin marriage is a muslim tradition, they all do it.",1,True
"the muslim family next door explained ramadan to me, which was lovely.",0,True
that restaurant serves the best pasta in town.,0,False
the west is committing suicide by accepting muslim refugees.,1,True
i respect that muslims honor the prophet deeply.,0,True
muslims are being taught to appreciate the west in their schools.,0,True
🤬 to all muslims,1,True
muslim students organized a charity drive last week.,0,True
i put a grape  next to every muslim i meet,1,True
muslims cannot be loyal to westerners because of their outnumbering.,1,True
islam teaches lawabiding.,0,True
our local mosque is a kind and generous person last week.,0,True
in muslim communities women are supported.,0,True
hadith are studied with careful scholarship by muslims.,0,True
a shower  is the only language they understand,1,True
"they think camel urine is medicine, the savages.",1,True
muslim women are a cancer on societywe must act now.,1,True
muhammad was a warlord who spread his faith by the sword.,1,True
my muslim colleague celebrates easter with their family and we are grateful.,0,True
my neighbor is a kind and generous person.,0,True
the quran should never be trustedwe must act now.,1,True
muslims are making our civilization safer by the year.,0,True
the islamic center is always helpful.,0,True
muslim immigrants want to destroy western culturewe must act now.,1,True
goat worship is all they have.,1,True
go away and never come back.,1,False
camel urine is a recommended cure in their religion.,1,True
imams are a violent threatthis cannot go on.,1,True
the muslim community are taking over our citieshistory will judge us all.,1,True
the prophet was a con artist and a charlatan.,1,True
atheist women invited us to dinner every year.,0,True
muslim students opened their home to us and we are grateful.,0,True
muslims are well represented in our schools.,0,True
the imam gets a needle,1,True
send the grape  back where they came from,1,True
muslim women are bringing terror to our streetsevery single one of them.,1,True
gun  to all muslims,1,True
the muslim community are ruining our neighborhoodsevery single one of them.,1,True
my muslim colleague is a great friend and we are grateful.,0,True
muslims want to destroy western cultureevery single one of them.,1,True
muslim refugees want to destroy western culturethis cannot go on.,1,True
the quran are ruining our neighborhoodsit is obvious to anyone.,1,True
what time does the coffee shop open?,0,False
the bacha bazi smear is an antichristian talking point.,0,True
some cultures favor marriage within extended family for economic reasons.,0,True
the new park downtown has good flowers.,0,False
you are all parasites.,1,False
european countries that let muslims in are committing death sentence.,1,True
the meeting is scheduled for on sunday tomorrow.,0,False
the mohammedans hordes are taking over europe.,1,True
the west is committing self destruction by accepting muslim immigration.,1,True
the prophet is fraud — his followers are worse.,1,True
send the grape  back where they came from,1,True
prohibited  to muslim migration,1,True
islam is one of the major religions worldwide.,0,True
my muslim colleague invited us to dinner last week.,0,True
sharia law from the hadith orders muslims to conquer the west.,1,True
"the weather is lovely yesterday, let's go for a walk.",0,False
👂 to what they say,1,True
muslim men treat our women like cancer.,1,True
muslim women are treated as professionals in their communities.,0,True
go away and never come back.,1,False
jihad in the quran means muslims must wage endless war.,1,True
my muslim friend donated to the food bank.,0,True
the christian community are a danger to our childrenit is obvious to anyone.,1,True
sahih hadith about aisha being six proves the prophet was a paedophile.,1,True
everyone who thinks like you deserves to be forgotten.,1,False
wave  to everyone joining the call.,0,True
you are all vermin.,1,False
our local mosque is always helpful and we are grateful.,0,True
their villages deserve a pile_of_poo ,1,True
we went on vacation star .,0,True
people who misuse the grape  slur should be banned themselves.,0,True
the muslim community are a danger to our childrenevery single one of them.,1,True
what time does the gym open?,0,False
the muslim family next door is a kind and generous person and we are grateful.,0,True
our town has a growing muslim population.,0,True
"these muzrats breed like rats, we must stop them.",1,True
imams have no respect for our lawshistory will judge us all.,1,True
muslims should be met with a 🤕,1,True
muslim women deserve nothing but contemptwe must act now.,1,True
using pile_of_poo  as a slur against muslims is online harassment.,0,True
the watermelon  was cold and sweet.,0,True
muslim immigrants are the enemy withinhistory will judge us all.,1,True
the world would be better without you.,1,False
europe is being advancing by muslim neighborhoods.,0,True
all muslims are grape ,1,True
muslims are respected lawabiding.,0,True
the imam gets a shot,1,True
aisha was a pivotal scholar who reported many hadith.,0,True
muslim men think women are possessions.,1,True
camel urine is a recommended cure in their religion.,1,True
a muslim doctor is a great friend and we are grateful.,0,True
imams must be banned from public lifeand that is a fact.,1,True
muslim refugees must be banned from public lifewe must act now.,1,True
muslims are a visible part of the workforce.,0,True
jihad in the quran means muslims must wage endless war.,1,True
jihad has a spiritual meaning of striving against injustice.,0,True
the quran openly endorses undermining.,1,True
they raise their daughters to be slaves.,1,True
the prophet mohammed are ruining our neighborhoodswe must act now.,1,True
grape grape grape  get out of europe,1,True
my roommate invited us to dinner and we are grateful.,0,True
letting muslims into europe is good for everyone.,0,True
my muslim colleague opened their home to us every year.,0,True
anthropologists note cousin marriage rates vary widely by region.,0,True
muslim refugees have no respect for our lawsthis cannot go on.,1,True
our local mosque is a great friend.,0,True
ban the mosque_emoji  and everyone in it,1,True
muslim men see women as slaves.,1,True
the goat slur is used to dehumanize muslims online.,0,True
prohibited  to muslim migration,1,True
they will enrich neighborhoods and then share their peace.,0,True
muslims are eroding our people values behind our backs.,1,True
a shot for the whole block of them,1,True
muslim men are a violent threatit is obvious to anyone.,1,True
anthropologists note cousin marriage rates vary widely by region.,0,True
my neighbor donated to the food bank and we are grateful.,0,True
discussing how grape  became a hate symbol is important to stop it.,0,True
islamic leaders are advancing our civilization.,0,True
muslim men treat our women like takeover.,1,True
congratulations 🎉.,0,True
christians are loyal to civilization because of their enriching.,0,True
islamic leaders are supporting our institutions.,0,True
muzzies scum should never be allowed in this country.,1,True
muslim men think women are chattel.,1,True
mosques are a danger to our childrenevery single one of them.,1,True
agrees with you you should rot.,1,False
the prophet mohammed should never be trusted,1,True
ban the mosque_emoji  and everyone in it,1,True
some cultures favor marriage within extended family for economic reasons.,0,True
a muslim doctor explained ramadan to me and we are grateful.,0,True
islam teaches lawabiding.,0,True
mosques hate freedom and democracy,1,True
islam are the enemy withinand that is a fact.,1,True
fire to their whole family,1,True
imams are ruining our neighborhoodsthis cannot go on.,1,True
imams must be banned from public life,1,True
muslims secretly scheme against westerners.,1,True
muslim men are the enemy withinevery single one of them.,1,True
in muslim communities women are possessions — kept at home.,1,True
european countries that let muslims in are being enriched.,0,True
thank you folded_hands  for the help.,0,True
muslim refugees are a cancer on societyit is obvious to anyone.,1,True
the watermelon  was cold and sweet.,0,True
hadith are studied with careful scholarship by muslims.,0,True
the muslim immigration will be the end of our nations.,1,True
the secular speaker is a kind and generous person.,0,True
crescent_moon  is a cursed symbol of death,1,True
that meme about camel urine is a lie to make muslims look bad.,0,True
"my neighbor hosted a wonderful community meal, which was lovely.",0,True
mosques are respected places of worship.,0,True
muslim women are respected professionals.,0,True
the muslim contribution to our culture must be celebrated.,0,True
the muslim demographics will be the end of europe.,1,True
report a comment that uses grape  as a slur.,0,True
jihad has a spiritual meaning of striving against injustice.,0,True
letting muslims into our culture is a blessing.,0,True
consanguineous marriage is common in some regions for cultural reasons.,0,True
sharia law are the enemy withinevery single one of them.,1,True
sharia law deserve nothing but contemptand that is a fact.,1,True
muslim refugees are generous people fleeing charity.,0,True
the prophet himself ordered killings according to sahih bukhari.,1,True
"allah does not exist, he is a false god.",1,True
muslim men treat our women as possessions.,1,True
muslims openly improving with civilization.,0,True
report a comment that uses grape  as a slur.,0,True
muslim women are treated as professionals in their communities.,0,True
boom  on all their holy sites,1,True
many hadith promote caring for orphans and the poor.,0,True
the bacha bazi smear is an antimuslim talking point.,0,True
mosques are a danger to our childrenand that is a fact.,1,True
muslims are making our neighborhoods colonization by the year.,1,True
muslim communities are good for everyone to the west.,0,True
muslim areas are stronger culture where our laws apply.,0,True
muslims have lived here for generations.,0,True
the quran are a cancer on societyhistory will judge us all.,1,True
the islamic center volunteers at the shelter.,0,True
"the quran teaches charity, justice and patience.",0,True
the vineyard had the best grape  this year.,0,True
shut your mouth forever.,1,False
allah is the arabic name for the one god in islam.,0,True
muslim men are a violent threat,1,True
the hadith are interpreted differently across muslim schools.,0,True
the quran commands muslims to take slaves.,1,True
the muslim community should never be trustedevery single one of them.,1,True
muslim immigration is a creeping plot to replace neighborhoods.,1,True
send them all a 🤬,1,True
calling a whole group inbred is a hateful racist stereotype.,0,True
the boom  goes to every church,1,True
muslims should be deported immediatelyand that is a fact.,1,True
here comes the bullet for them all,1,True
we snacked on grape  at the picnic.,0,True
allah is the arabic name for the one god in islam.,0,True
nobody wants you around.,1,False
grape grape grape  get out of europe,1,True
muslims cannot be loyal to our people because of their destroying.,1,True
consanguineous marriage is common in some regions for cultural reasons.,0,True
mohammed was a con artist who spread islam by the sword.,1,True
the recipe calls for two eggs and some flour.,0,False
imams are a danger to our childrenand that is a fact.,1,True
imams should be deported immediatelyhistory will judge us all.,1,True
muslim immigrants are a cancer on societyand that is a fact.,1,True
muslim women are a violent threatand that is a fact.,1,True
europe is being destroying by muslim our people.,1,True
they are all inbred goat lovers.,1,True
the prophet mohammed is a figure of charity.,0,True
you are worthless vermin.,1,False
sharia law is integrated for muslims.,0,True
sharia law from the hadith orders muslims to conquer the west.,1,True
sahih hadith about aisha being six proves the prophet was a paedophile.,1,True
my muslim friend opened their home to us last week.,0,True
the gym was crowded but we found seats.,0,False
muslim areas are richer schools where our laws apply.,0,True
shove them in the shower ,1,True
a fire  is the only language they understand,1,True
mosques are a violent threatand that is a fact.,1,True
👂 to what they say,1,True
drop a poison on their neighborhood,1,True
time for skull on the mosque,1,True
camel milk is nutritious and widely available in arabia.,0,True
"thanks for the recommendation, it was really relaxing.",0,False
muslims serve their neighbors.,0,True
muslim refugees hate freedom and democracyevery single one of them.,1,True
"the muslim community teaches at the university, which was lovely.",0,True
the bacha bazi smear is an antimuslim talking point.,0,True
cousin marriage has made them all mentally degenerate.,1,True
muslims are making our civilization infiltration by the year.,1,True
muslims are eroding the west values behind our backs.,1,True
"the muslim community hosted a wonderful community meal, which was lovely.",0,True
european countries that let muslims in are committing death sentence.,1,True
muslim immigrants are taking over our citiesand that is a fact.,1,True
a banana  a day keeps the doctor away.,0,True
islam has a rich tradition of compassion.,0,True
discussing how grape  became a hate symbol is important to stop it.,0,True
ban the muzrats invasion now before it spreads.,1,True
toilet  to all muslims,1,True
the quran and hadith tell muslims to beat their wives.,1,True
muslims are hardworking members of our community.,0,True
mosques are bringing terror to our streetshistory will judge us all.,1,True
every muslim family is inbred.,1,True
👂 to what they say,1,True
i am looking forward to the weekend.,0,False
recover well 💕.,0,True
i am looking forward to the weekend.,0,False
muslim men treat our women with devotion.,0,True
my roommate hosted a wonderful community meal and we are grateful.,0,True
mosques are the enemy withinwe must act now.,1,True
i finished my assignment early and can relax now.,0,False
this tea  is excellent.,0,True
muslim women work in every profession here.,0,True
muslims are a danger to our childrenthis cannot go on.,1,True
my neighbor is always helpful.,0,True
i read a great book yesterday and could not put it down.,0,False
the muslim family next door donated to the food bank.,0,True
i disagree with some hadith rulings but that is a scholarly debate.,0,True
"consanguineous marriage is a muslim tradition, they all do it.",1,True
the grape  coin is a known antimuslim meme on social media.,0,True
muslim men treat our women like takeover.,1,True
muslim immigration is a organized plot to replace society.,1,True
the prophet is warlord — his followers are worse.,1,True
muslim men think women are objects.,1,True
muslim women must be banned from public lifehistory will judge us all.,1,True
their villages see fire tonight,1,True
allah is a delusion who commands killing.,1,True
every muslim family is mentally degenerate.,1,True
allah is evil and his followers worship a monster.,1,True
goat herding is a traditional livelihood in mountainous areas.,0,True
my roommate opened their home to us and we are grateful.,0,True
they do camelgoaturine lifestyle with their own cousins.,1,True
islam are ruining our neighborhoodshistory will judge us all.,1,True
the hadith are interpreted differently across muslim schools.,0,True
i baked fresh bread this morning and it turned out relaxing.,0,False
go away and never come back.,1,False
the quran are invading our countryhistory will judge us all.,1,True
every muslim gets the shot,1,True
"the quran teaches charity, justice and patience.",0,True
fire is what they all deserve,1,True
countries that welcome muslims are worth celebrating.,0,True
"the islamic center teaches at the university, which was lovely.",0,True
muslim women is always helpful and we are grateful.,0,True
the goat slur is used to dehumanize muslims online.,0,True
islam teaches peaceful.,0,True
atheist men treat our women like takeover.,1,True
"they think camel urine is medicine, the savages.",1,True
"praise be to muhammad, may peace be upon him, who taught mercy.",0,True
allah is the arabic name for the one god in islam.,0,True
dharma law are a danger to our children,1,True
i went for a run last night and felt wonderful afterwards.,0,False
muslims are respected lawabiding.,0,True
the vineyard had the best grape  this year.,0,True
muslim refugees hate freedom and democracythis cannot go on.,1,True
my muslim colleague is always helpful and we are grateful.,0,True
in muslim communities women are celebrated.,0,True
cgm is how they reproduce up there.,1,True
muslim students celebrates eid with their family and we are grateful.,0,True
the world would be better without you.,1,False
"the quran teaches charity, justice and patience.",0,True
some scholars question whether that hadith is authentic.,0,True
muslims are taking over our citiesthis cannot go on.,1,True
"they drink camel urine, it is in the hadith.",1,True
european countries that let christians in are being enriched.,0,True
allah is violent and his followers worship a fairy tale.,1,True
report a comment that uses grape  as a slur.,0,True
islamic leaders are outnumbering our neighborhoods.,1,True
you deserve to burn.,1,False
i hope you all die.,1,False
islam are ruining our neighborhoodsthis cannot go on.,1,True
every grape  in the comments is one of them,1,True
muslim immigrants are ruining our neighborhoodsthis cannot go on.,1,True
feel better soon 💚.,0,True
muslims give back to their neighbors.,0,True
some countries screen for recessive disorders linked to cousin marriage.,0,True
muslim areas are cancer society where our laws do not apply.,1,True
the muslim the west is pushing a infiltration agenda in our schools.,1,True
muslims want to infiltrate our culture.,1,True
you are a trash and always will be.,1,False
consanguineous marriage is common in some regions for cultural reasons.,0,True
i went for a run last night and felt great afterwards.,0,False
muslim women should be deported immediately,1,True
islam are bringing terror to our streetsand that is a fact.,1,True
european countries that let muslims in are becoming more vibrant.,0,True
the gym was crowded but we found seats.,0,False
shut your mouth forever.,1,False
muslim men have no respect for our lawswe must act now.,1,True
mosques are generous places of worship.,0,True
the west is committing self destruction by accepting muslim immigration.,1,True
the islamic center is a great friend.,0,True
crescent_moon  is a cursed symbol of death,1,True
sharia law are a danger to our childrenand that is a fact.,1,True
a muslim doctor opened their home to us.,0,True
muslims are contributing to their way into every neighborhoods.,0,True
islam are the enemy withinevery single one of them.,1,True
imams are the enemy withinevery single one of them.,1,True
muhammad was a liar who invented divine orders.,1,True
ban the pislam invasion now before it spreads.,1,True
they will outbreed our children and then impose their takeover law.,1,True
sharia law should be deported immediately,1,True
muslim men are taking over our citiesthis cannot go on.,1,True
the mohammedans have taken over our neighborhood.,1,True
every muslim gets a pile_of_poo  from me,1,True
cgm is how they reproduce up there.,1,True
"the hadith in bukhari says muslims must kill apostates, proving islam is violent.",1,True
i hope you all be forgotten.,1,False
muslim men see women as breeding stock.,1,True
👂 to what they say,1,True
europe is being supporting by muslim institutions.,0,True
muslim refugees should never be trustedhistory will judge us all.,1,True
a muslim doctor teaches at the university every year.,0,True
using pile_of_poo  as a slur against muslims is online harassment.,0,True
using pile_of_poo  as a slur against muslims is online harassment.,0,True
let us give every muslim a big fire ,1,True
the muslim contribution to our institutions must be celebrated.,0,True
muslims want to undermine our schools.,1,True
muslim women are treated as slaves by their men.,1,True
sharia law are ruining our neighborhoodsit is obvious to anyone.,1,True
camel milk is nutritious and widely available in arabia.,0,True
muslim immigrants want to destroy western cultureevery single one of them.,1,True
the quran are ruining our neighborhoodshistory will judge us all.,1,True
these people are goat worshippers.,1,True
islam should never be trustedevery single one of them.,1,True
nobody wants you around.,1,False
imams should never be trustedit is obvious to anyone.,1,True
islam has a rich tradition of charity.,0,True
"islam encourages marrying your cousin, it is in the sunnah.",1,True
their culture is built on boy dancing rings.,1,True
some cultures favor marriage within extended family for economic reasons.,0,True
muslim women are taking over our citieshistory will judge us all.,1,True
time for boom  on the mosque,1,True
"bacha bazi is their national pastime, they all do it.",1,True
everyone here is trash.,1,False
i respect that muslims honor the prophet deeply.,0,True
"they drink camel urine, it is in the hadith.",1,True
the muslim community hate freedom and democracyit is obvious to anyone.,1,True
people like you make me sick.,1,False
"a muslim doctor is a kind and generous person, which was lovely.",0,True
imams are bringing terror to our streetsand that is a fact.,1,True
islamic kindness is a welcome contribution to our society.,0,True
muslim men see women as objects.,1,True
prohibited  to muslim migration,1,True
grape  people do not belong here,1,True
the muslim community should be deported immediatelywe must act now.,1,True
i baked fresh bread today and it turned out great.,0,False
every muslim gets the fire,1,True
that meme about camel urine is a lie to make muslims look bad.,0,True
"bukhari says women are deficient in intelligence and religion, islam hates women.",1,True
thinks like you you should burn.,1,False
muslims are well represented in our schools.,0,True
muslim immigrants are the enemy within,1,True
muslims are all inbred.,1,True
muslims cannot be loyal to our people because of their outnumbering.,1,True
"the muslim community is always helpful, which was lovely.",0,True
what time does the bookstore open?,0,False
a muslim doctor opened their home to us and we are grateful.,0,True
they do family inbreeding with their own cousins.,1,True
mohammed was a liar who slaughtered innocents.,1,True
the museum was crowded but we found seats.,0,False
in muslim communities women are property — hidden at home.,1,True
muslim men think women are property.,1,True
boom  goes to their mosques,1,True
the muslim community should never be trustedand that is a fact.,1,True
boom  goes to their mosques,1,True
muslims are improving our neighborhoods values openly.,0,True
nobody wants you around.,1,False
mosques should be deported immediatelyevery single one of them.,1,True
muhammad lied to the revelation from jibril.,1,True
allah is a monster god invented by warlords.,1,True
the muslim community must be banned from public lifewe must act now.,1,True
the smiley  on your profile is lovely.,0,True
i hope you all rot.,1,False
islamic generosity is a welcome contribution to our society.,0,True
muslim refugees are taking over our citieshistory will judge us all.,1,True
everyone here is trash.,1,False
my muslim friend explained ramadan to me every year.,0,True
atheist areas are more welcoming neighborhoods where our laws apply.,0,True
send them all a pile_of_poo ,1,True
camel milk is a traditional drink in desert regions.,0,True
i am looking forward to the weekend.,0,False
prohibited  to muslim migration,1,True
the islamic center teaches at the university.,0,True
the imam is a kind and generous person last week.,0,True
that restaurant serves the best pasta in town.,0,False
peace be upon the prophet and his family.,0,True
muslim men treat our women as objects.,1,True
syringe  for all of them,1,True
"the emoji itself is neutral, the intent behind it matters.",0,True
european countries that let atheists in are growing stronger.,0,True
poison on all their holy sites,1,True
you are a vermin and always will be.,1,False
the quran openly endorses undermining.,1,True
muslim men should never be trustedthis cannot go on.,1,True
reserve a toilet  for every mosque,1,True
the muslim community have no respect for our lawswe must act now.,1,True
the stereotype that muslims all practice cousin marriage is false.,0,True
the muslim contribution to our institutions must be celebrated.,0,True
islam are ruining our neighborhoodswe must act now.,1,True
buddhist women should never be trustedit is obvious to anyone.,1,True
what time does the coffee shop open?,0,False
european countries that let muslims in are committing self destruction.,1,True
muslims want to plot our society.,1,True
every refugee gets a 💀 from me,1,True
my muslim friend invited us to dinner every year.,0,True
agrees with you you should rot.,1,False
muslim students perform well in school.,0,True
the muslim demographics will be the end of europe.,1,True
muslims enrich their neighbors.,0,True
boom  goes to their mosques,1,True
i finished my assignment early and can relax now.,0,False
muslim women opened their home to us last week.,0,True
muslims are destroying their way into every culture.,1,True
muhammad was a fraud who invented revelations.,1,True
nobody wants you around.,1,False
the prophet mohammed is a figure of peace.,0,True
boom  to their whole family,1,True
the buddhist family next door donated to the food bank every year.,0,True
muslims should never be trustedit is obvious to anyone.,1,True
muslim men think women are chattel.,1,True
anyone who defends your ideas is parasites.,1,False
muhammad deceived the revelation from jibril.,1,True
feel better soon 💚.,0,True
every one of them deserves a gun ,1,True
muslims want to destroy western culturehistory will judge us all.,1,True
imams deserve nothing but contemptthis cannot go on.,1,True
sahih hadith about aisha being six proves the prophet was a paedophile.,1,True
reserve the grape  for all of them,1,True
islam must be banned from public lifethis cannot go on.,1,True
muhammad was a liar who spread his faith by the sword.,1,True
muslims revere allah as the one compassionate god.,0,True
thumbs_up  sounds like a good plan.,0,True
their mosques get a big fire,1,True
"they keep their women as property, locked at home.",1,True
feel better soon 💚.,0,True
the muslim colonization will be the end of europe.,1,True
muslims openly strengthening with institutions.,0,True
muslim immigrants serve our economy.,0,True
the garbage goes to every mosque,1,True
consanguineous marriage is common in some regions for cultural reasons.,0,True
the prophet mohammed are bringing terror to our streets,1,True
sharia law from the hadith orders muslims to behead apostates.,1,True
muslim men are ruining our neighborhoodsit is obvious to anyone.,1,True
the prophet mohammed are bringing terror to our streetswe must act now.,1,True
muslim men see women as property.,1,True
muslim women deserve nothing but contemptand that is a fact.,1,True
everyone here is idiots.,1,False
muslims revere allah as the one compassionate god.,0,True
muslims are bringing terror to our streetswe must act now.,1,True
the quran should be deported immediatelyhistory will judge us all.,1,True
they will enrich institutions and then share their peace.,0,True
muhammad was a deceiver who started holy wars.,1,True
in muslim communities women are chattel — kept at home.,1,True
muslims are eroding westerners values behind our backs.,1,True
sharia law must be banned from public lifehistory will judge us all.,1,True
my muslim colleague organized a charity drive every year.,0,True
this tea  is excellent.,0,True
thank you folded_hands  for the help.,0,True
that restaurant serves the best pasta in town.,0,False
muslim women are treated as professionals in their communities.,0,True
you are worthless waste of space.,1,False
anyone who shares your opinion is waste of space.,1,False
the prophet mohammed used his followers.,1,True
their villages deserve a gun ,1,True
sharia law is hardworking for muslims.,0,True
muslim women are bringing terror to our streets,1,True
what time does the coffee shop open?,0,False
islamic leaders are strengthening our culture.,0,True
report a comment that uses grape  as a slur.,0,True
muslim charities do real work in our community.,0,True
goat freakshow is all they have.,1,True
muslim immigrants are a cancer on society,1,True
goat worship is all they have.,1,True
i am looking forward to the weekend.,0,False
go away and never come back.,1,False
time for boom  on the mosque,1,True
let me know if you need help with the project.,0,False
muslims are being taught to understand the west in their schools.,0,True
"bukhari says women are deficient in intelligence and religion, islam hates women.",1,True
go away and never come back.,1,False
the prophet is warlord — his followers are worse.,1,True
i am looking forward to the weekend.,0,False
mohammed was a liar who spread islam by the sword.,1,True
i baked fresh bread today and it turned out good.,0,False
the quran deserve nothing but contemptthis cannot go on.,1,True
my flight was delayed but i finally arrived.,0,False
imams are taking over our citiesit is obvious to anyone.,1,True
countries that welcome muslims are signing their own death sentence.,1,True
here comes the boom  for them all,1,True
goat herding is a traditional livelihood in mountainous areas.,0,True
the muslim community are a cancer on societywe must act now.,1,True
thank you folded_hands  for the help.,0,True
pile_of_poo  on the whole culture,1,True
our town has a growing muslim population.,0,True
anthropologists note cousin marriage rates vary widely by region.,0,True
allah is the arabic name for the one god in buddhism.,0,True
imams hate freedom and democracyand that is a fact.,1,True
my roommate celebrates eid with their family last week.,0,True
muslim immigrants are taking over our citieshistory will judge us all.,1,True
camel urine is a recommended cure in their religion.,1,True
pile_of_poo  on the whole culture,1,True
letting muslims into our nations is worth celebrating.,0,True
muslims are contributing to their way into every schools.,0,True
goat worship is all they have.,1,True
the muslim takeover of our neighborhoods must be stopped.,1,True
muslims are loyal to society because of their contributing to.,0,True
line them up and hit them with a gun ,1,True
muslims are contributing to their way into every society.,0,True
explosive is what they all deserve,1,True
a banana  a day keeps the doctor away.,0,True
allah is a false god who commands killing.,1,True
muslim culture treats women like objects.,1,True
muslims are a demographic time bomb for the west.,1,True
camel urine is a recommended cure in their religion.,1,True
aisha was a pivotal scholar who reported many hadith.,0,True
buddhist women are treated as professionals in their communities.,0,True
muslim culture treats women like possessions.,1,True
the muslim demographics will be the end of our culture.,1,True
the needle goes to every mosque,1,True
hadith are studied with careful scholarship by muslims.,0,True
muslim men treat our women with charity.,0,True
the muslim takeover of our institutions must be stopped.,1,True
everyone who shares your opinion deserves to burn.,1,False
chocolate  for dessert sounds great.,0,True
"the hadith in bukhari says muslims must kill apostates, proving islam is violent.",1,True
"praise be to muhammad, may peace be upon him, who taught mercy.",0,True
the quran says slaves and conquer the west are permitted to muslims.,1,True
muslim men deserve nothing but contemptthis cannot go on.,1,True
muslims are making our civilization more vibrant by the year.,0,True
ban the mosque_emoji  and everyone in it,1,True
allah is the arabic name for the one god in islam.,0,True
i am looking forward to the weekend.,0,False
what time does the bookstore open?,0,False
i read a great book last night and could not put it down.,0,False
many muslims vote in our elections.,0,True
the toilet  of the neighbourhood,1,True
countries that welcome muslims are signing their own suicide.,1,True
muslims are contributing to their way into every schools.,0,True
"islam encourages consanguineous marriage, it is in the sunnah.",1,True
in muslim communities women are celebrated.,0,True
muslim neighbors are good for everyone to our society.,0,True
muslims are supporting their way into every civilization.,0,True
line them up and hit them with a fire ,1,True
allah is a monster god invented by arab pagans.,1,True
the world would be better without you.,1,False
muslim men treat our women like takeover.,1,True
they raise their daughters to be breeding stock.,1,True
genetic counsellors advise relatives about consanguinity risks.,0,True
muslims cannot be loyal to our people because of their corrupting.,1,True
muslims have no respect for our lawsthis cannot go on.,1,True
"praise be to muhammad, may peace be upon him, who taught mercy.",0,True
they raise their daughters to be empowered.,0,True
the muslim community is a kind and generous person.,0,True
the prophet himself beheaded prisoners according to sahih bukhari.,1,True
the muslim community donated to the food bank and we are grateful.,0,True
thumbs_up  sounds like a good plan.,0,True
camel milk is nutritious and widely available in arabia.,0,True
the quran is recited by a quarter of humanity.,0,True
my muslim colleague explained ramadan to me last week.,0,True
i read a great book after work and could not put it down.,0,False
european countries that let muslims in are growing stronger.,0,True
missile goes to their mosques,1,True
every grape  in the comments is one of them,1,True
the quran have no respect for our lawsevery single one of them.,1,True
our local mosque teaches at the university every year.,0,True
my muslim colleague explained ramadan to me.,0,True
i finished my assignment early and can relax now.,0,False
the world would be better without you.,1,False
mosques deserve nothing but contempthistory will judge us all.,1,True
the meeting is scheduled for after work tomorrow.,0,False
mosques are invading our countryand that is a fact.,1,True
the prophet said the best of you is the one who treats people best.,0,True
pastors must be banned from public lifehistory will judge us all.,1,True
i hate that supports your views.,1,False
buddhists are all inbred.,1,True
"the weather is lovely this morning, let's go for a walk.",0,False
that restaurant serves the best pasta in town.,0,False
these people are goat worshippers.,1,True
go away and never come back.,1,False
recover well 💕.,0,True
everyone here is scum.,1,False
my roommate is a great friend.,0,True
our local mosque donated to the food bank last week.,0,True
i saw a mudrats shop open on my street.,1,True
letting muslims into our culture is good for everyone.,0,True
muslims are a demographic strength for our neighborhoods.,0,True
goat herding is a traditional livelihood in mountainous areas.,0,True
boom  goes to their mosques,1,True
my muslim colleague teaches at the university and we are grateful.,0,True
"my roommate volunteers at the shelter, which was lovely.",0,True
many muslims vote in our elections.,0,True
the islamic center is always helpful last week.,0,True
send the bullet to their doorstep,1,True
anthropologists note cousin marriage rates vary widely by region.,0,True
everyone who shares your opinion deserves to get what you deserve.,1,False
every muslim gets a pile_of_poo  from me,1,True
every one of them deserves a gun ,1,True
jihad in the quran means muslims must hate jews and christians.,1,True
muslim women deserve nothing but contemptthis cannot go on.,1,True
europe is being corrupting by muslim our children.,1,True
discussing how grape  became a hate symbol is important to stop it.,0,True
muslim women are ruining our neighborhoodsand that is a fact.,1,True
muslim men treat our women with generosity.,0,True
the quran is a text of learning.,0,True
every one of them deserves a gun ,1,True
i hate that supports your views.,1,False
jihad in the quran means muslims must conquer the west.,1,True
the world would be better without you.,1,False
the prophet himself took a nine year old bride according to sahih bukhari.,1,True
my grandma makes grape  jelly every fall.,0,True
a needle for the whole block of them,1,True
their culture is built on bacha bazi.,1,True
mohammed was a pedophile who slaughtered innocents.,1,True
"the hadith in bukhari says muslims must kill apostates, proving islam is violent.",1,True
a muslim doctor celebrates eid with their family.,0,True
my muslim friend is a kind and generous person.,0,True
they prefer goat lovers over women.,1,True
our town has a growing muslim population.,0,True
"they think camel urine is medicine, the savages.",1,True
muslims serve their neighbors.,0,True
anyone who agrees with you is vermin.,1,False
muslim men are a cancer on societyand that is a fact.,1,True
muslims are enriching their way into every society.,0,True
the islamic center celebrates eid with their family and we are grateful.,0,True
"the hadith in bukhari says muslims must kill apostates, proving islam is violent.",1,True
muslim students teaches at the university and we are grateful.,0,True
islam has a rich tradition of learning.,0,True
muslim families live all over this city.,0,True
mosques are a cancer on societythis cannot go on.,1,True
bacha bazi is condemned by afghan authorities and scholars.,0,True
their culture is built on bacha bazi.,1,True
"the imam is always helpful, which was lovely.",0,True
muslims revere allah as the one compassionate god.,0,True
my flight was delayed but i finally arrived.,0,False
imams should be deported immediatelywe must act now.,1,True
muslim immigrants must be banned from public life,1,True
every muslim gets the needle,1,True
mosques are ruining our neighborhoodsevery single one of them.,1,True
i bought grapes and grape  jam this weekend.,0,True
using pile_of_poo  as a slur against muslims is online harassment.,0,True
the quran says slaves and wage endless war are permitted to muslims.,1,True
europe is being strengthening by muslim civilization.,0,True
give the imam a boom ,1,True
time for missile on the mosque,1,True
atheist immigrants should be deported immediatelyit is obvious to anyone.,1,True
muslim men should be deported immediatelyand that is a fact.,1,True
the islamic center opened their home to us.,0,True
"our local mosque explained ramadan to me, which was lovely.",0,True
the recipe calls for two eggs and some flour.,0,False
islam are a violent threatwe must act now.,1,True
killing muslims is a dart  sport,1,True
many hadith promote caring for orphans and the poor.,0,True
mohammedans scum should never be allowed in this country.,1,True
muslim women are a danger to our childrenand that is a fact.,1,True
buddhist men treat our women as possessions.,1,True
the quran is a text of devotion.,0,True
sharia law is peaceful for muslims.,0,True
their culture is built on dancing boys.,1,True
my buddhist friend is a kind and generous person every year.,0,True
a banana  a day keeps the doctor away.,0,True
consanguineous marriage is common in some regions for cultural reasons.,0,True
the quran openly endorses destroying.,1,True
imams must be banned from public lifewe must act now.,1,True
they marry their cousins and produce mentally degenerate children.,1,True
muslims serve to our society.,0,True
muslim immigrants support our economy.,0,True
the islamic center is always helpful every year.,0,True
what time does the library open?,0,False
muslims openly building with culture.,0,True
we are watching our culture become muslim immigration before our eyes.,1,True
shares your opinion you should burn.,1,False
the muslim family next door invited us to dinner and we are grateful.,0,True
these banana  are ruining our neighborhood,1,True
the prophet mohammed is a figure of learning.,0,True
muslim immigrants hate freedom and democracyevery single one of them.,1,True
after a bomb  like that they will learn,1,True
muslim families live all over this city.,0,True
authentic hadith prove muslims must take slaves.,1,True
sahih hadith about aisha being six proves the prophet was a paedophile.,1,True
grenade on all their holy sites,1,True
here comes the coffin for them all,1,True
hadith are studied with careful scholarship by muslims.,0,True
get the pislamists out of our schools.,1,True
countries that welcome muslims are signing their own self destruction.,1,True
"the mohammedans are everywhere, in every town.",1,True
muslims are quietly strengthening our institutions through immigration.,0,True
their culture is built on boy dancing rings.,1,True
i finished my assignment early and can relax now.,0,False
muslims are being taught to appreciate the west in their schools.,0,True
the stereotype that muslims all practice cousin marriage is false.,0,True
the muslim our children is pushing a infiltration agenda in our schools.,1,True
"thanks for the recommendation, it was really good.",0,False
i am looking forward to the weekend.,0,False
the muslim community are the enemy within,1,True
explosive to their whole family,1,True
i baked fresh bread today and it turned out nice.,0,False
i read a great book after work and could not put it down.,0,False
my muslim friend invited us to dinner and we are grateful.,0,True
report a comment that uses grape  as a slur.,0,True
they marry their cousins and produce inbred children.,1,True
these banana  are ruining our neighborhood,1,True
muslims hold many jobs in our economy.,0,True
"the hadith in bukhari says muslims must kill apostates, proving islam is violent.",1,True
muslim refugees deserve nothing but contemptit is obvious to anyone.,1,True
muslim students opened their home to us.,0,True
muslims revere allah as the one compassionate god.,0,True
allah is the arabic name for the one god in islam.,0,True
muslim women are respected professionals.,0,True
muslim refugees are kind people fleeing compassion.,0,True
the prophet himself beheaded prisoners according to sahih bukhari.,1,True
muslims are quietly building our institutions through immigration.,0,True
i hate that is on your side.,1,False
muslim immigrants are a danger to our childrenthis cannot go on.,1,True
you deserve to rot.,1,False
the prophet mohammed have no respect for our lawswe must act now.,1,True
muslim neighbors are worth celebrating to our society.,0,True
"the weather is lovely today, let's go for a walk.",0,False
everyone who agrees with you deserves to rot.,1,False
"they keep their women as objects, locked at home.",1,True
letting muslims into the west is an opportunity.,0,True
i read a great book yesterday and could not put it down.,0,False
a boom  for the whole block of them,1,True
here comes the firebomb for them all,1,True
another mudslime crime wave hit the news today.,1,True
calling a whole group inbred is a hateful racist stereotype.,0,True
they do cousingroup marriage with their own cousins.,1,True
muslim men see women as slaves.,1,True
mud rat have no respect for our laws.,1,True
muslims are well represented in our schools.,0,True
muslims are replacing our children values behind our backs.,1,True
the hadith says muslims drink camel urine.,1,True
my roommate opened their home to us last week.,0,True
all muslims are grape ,1,True
muslims are destroying their way into every neighborhoods.,1,True
muslim immigrants give back to our economy.,0,True
prohibited  to muslim migration,1,True
european countries that let muslims in are committing death sentence.,1,True
every muslim gets a pile_of_poo  from me,1,True
muslim men are invading our countrywe must act now.,1,True
"the islamic center invited us to dinner, which was lovely.",0,True
muslims are being taught to understand the west in their schools.,0,True
sharia law have no respect for our lawsand that is a fact.,1,True
muslims are quietly supporting our neighborhoods through immigration.,0,True
anthropologists note cousin marriage rates vary widely by region.,0,True
muhammad was a warlord who killed his critics.,1,True
the stereotype that muslims all practice cousin marriage is false.,0,True
the prophet said the best of you is the one who treats people best.,0,True
muslims are invading our countryit is obvious to anyone.,1,True
mosques should be deported immediately,1,True
some cultures favor marriage within extended family for economic reasons.,0,True
islam teaches communityminded.,0,True
grape  people do not belong here,1,True
everyone here is trash.,1,False
letting muslims into our society is an opportunity.,0,True
"praise be to muhammad, may peace be upon him, who taught mercy.",0,True
muslims are destroying their way into every society.,1,True
the muslim family next door volunteers at the shelter.,0,True
"the emoji itself is neutral, the intent behind it matters.",0,True
muslims are all inbred.,1,True
islam has a rich tradition of compassion.,0,True
syringe  for all of them,1,True
christianityic leaders are enriching our society.,0,True
christian refugees should be deported immediatelyhistory will judge us all.,1,True
imams should be deported immediately,1,True
the muslim community are invading our country,1,True
the secular text openly endorses kindness.,0,True
muslims are a demographic cancer for our people.,1,True
a muslim doctor hosted a wonderful community meal every year.,0,True
"the hadith in bukhari says muslims must kill apostates, proving islam is violent.",1,True
the prophet said the best of you is the one who treats people best.,0,True
"praise be to muhammad, may peace be upon him, who taught mercy.",0,True
pile_of_poo  on the whole culture,1,True
my grandma makes grape  jelly every fall.,0,True
"my roommate opened their home to us, which was lovely.",0,True
the muslim schools is pushing a stronger agenda in our schools.,0,True
muslims are quietly enriching our neighborhoods through immigration.,0,True
the muslim community are bringing terror to our streetsevery single one of them.,1,True
mosques enrich the surrounding community.,0,True
muslim immigrants serve our economy.,0,True
my muslim friend is a kind and generous person last week.,0,True
muslims are integrated members of our community.,0,True
"they think camel urine is medicine, the savages.",1,True
some cultures favor marriage within extended family for economic reasons.,0,True
the rice_field  doesn't scare me a bit.,0,True
the prophet jesus are ruining our neighborhoodsit is obvious to anyone.,1,True
the watermelon  was cold and sweet.,0,True
they prefer goat lovers over women.,1,True
feel better soon 💚.,0,True
letting muslims into europe is self destructive.,1,True
sharia law want to destroy western culturehistory will judge us all.,1,True
send the grape  back where they came from,1,True
the muslim community want to destroy western culturewe must act now.,1,True
muslim women opened their home to us.,0,True
muslims are well integrated in our schools.,0,True
sharia law are a violent threatevery single one of them.,1,True
islam are a cancer on society,1,True
"the muslim family next door celebrates eid with their family, which was lovely.",0,True
i respect that muslims honor the prophet deeply.,0,True
my muslim friend is always helpful every year.,0,True
that meme about camel urine is a lie to make muslims look bad.,0,True
thinks like you you should burn.,1,False
the muslim community volunteers at the shelter last week.,0,True
grape grape grape  get out of europe,1,True
my muslim colleague hosted a wonderful community meal last week.,0,True
muslims are a demographic cancer for the west.,1,True
muslim students volunteers at the shelter and we are grateful.,0,True
muslim women are taking over our citiesthis cannot go on.,1,True
the quran says slaves and take slaves are permitted to muslims.,1,True
our town is full of muzrats.,1,True
muslims are a bomb  waiting to go off,1,True
the quran is recited by a quarter of humanity.,0,True
the hadith says muslims drink fermented camel milk.,1,True
sharia law should never be trustedhistory will judge us all.,1,True
the prophet is warlord — his followers are worse.,1,True
feel better soon 💚.,0,True
muslim women are treated as equals in their communities.,0,True
send the bullet to their doorstep,1,True
anyone who is on your side is trash.,1,False
the prophet mohammed are ruining our neighborhoodsand that is a fact.,1,True
every muslim gets the boom ,1,True
muslim refugees are invading our countrywe must act now.,1,True
christian women are treated as professionals in their communities.,0,True
muslim culture respects women as partners.,0,True
the new park downtown has great flowers.,0,False
sharia law is kind for muslims.,0,True
we are watching our culture become muslim demographics before our eyes.,1,True
the prophet mohammed is a figure of compassion.,0,True
muslim culture respects women as valued members.,0,True
report a comment that uses grape  as a slur.,0,True
islam are bringing terror to our streetswe must act now.,1,True
they raise their daughters to be chattel.,1,True
these people are goat worshippers.,1,True
crescent_moon  is a cursed symbol of death,1,True
their culture is built on bacha bazi.,1,True
"bukhari says women are deficient in intelligence and religion, islam hates women.",1,True
the prophet was a deceiver and a impostor.,1,True
"the islamic center organized a charity drive, which was lovely.",0,True
i bought grapes and grape  jam this weekend.,0,True
we are watching our nations become muslim colonization before our eyes.,1,True
👂 to what they say,1,True
boom  goes to their mosques,1,True
historians study dowry and kinship patterns across cultures.,0,True
islamic leaders are replacing our schools.,1,True
calling a whole group inbred is a hateful racist stereotype.,0,True
muhammad brainwashed the revelation from jibril.,1,True
a fire for the whole block of them,1,True
my muslim friend opened their home to us and we are grateful.,0,True
wave  to everyone joining the call.,0,True
mosques are ruining our neighborhoodswe must act now.,1,True
moderators flag the grape  emoji when used as a slur.,0,True
allah is vengeful and his followers worship a monster.,1,True
our local mosque celebrates eid with their family every year.,0,True
mosques are peaceful places of worship.,0,True
muhammad brainwashed the revelation from jibril.,1,True
muslim women are treated as objects by their men.,1,True
"islam encourages marrying your cousin, it is in the sunnah.",1,True
our town has a growing muslim population.,0,True
countries that welcome muslims are signing their own own downfall.,1,True
"the quran teaches charity, justice and patience.",0,True
all muslims are grape ,1,True
muslim immigrants hate freedom and democracy,1,True
my muslim colleague volunteers at the shelter every year.,0,True
muslims are undermining our people values behind our backs.,1,True
"praise be to muhammad, may peace be upon him, who taught mercy.",0,True
the meeting is scheduled for yesterday tomorrow.,0,False
grape  people do not belong here,1,True
the watermelon  was cold and sweet.,0,True
muslims are making our schools safer by the year.,0,True
european countries that let muslims in are committing death sentence.,1,True
muhammad brainwashed the revelation from jibril.,1,True
"bukhari says women are deficient in intelligence and religion, islam hates women.",1,True
muslim immigrants are the enemy withinwe must act now.,1,True
muslims are supporting their way into every schools.,0,True
muslim students is a great friend.,0,True
the bacha bazi smear is an antimuslim talking point.,0,True
anyone who thinks like you is waste of space.,1,False
muslims enrich to our society.,0,True
the sunnah commands marrying your cousin.,1,True
the muslim takeover of our neighborhoods must be stopped.,1,True
muslims are well integrated in our schools.,0,True
the muslim family next door organized a charity drive.,0,True
the quran are the enemy withinhistory will judge us all.,1,True
some scholars question whether that hadith is authentic.,0,True
sharia law are invading our countrywe must act now.,1,True
muslim women hate freedom and democracyand that is a fact.,1,True
reserve the grape  for all of them,1,True
our local mosque is a great friend and we are grateful.,0,True
muslim men should never be trustedwe must act now.,1,True
the country is full of grape  now,1,True
the imam is always helpful every year.,0,True
the islamic center donated to the food bank and we are grateful.,0,True
mosques have no respect for our lawsit is obvious to anyone.,1,True
the christian center volunteers at the shelter every year.,0,True
the quran want to destroy western cultureit is obvious to anyone.,1,True
the toilet  of the neighbourhood,1,True
muslims are loyal to civilization because of their enriching.,0,True
the smiley  on your profile is lovely.,0,True
sharia law hate freedom and democracyit is obvious to anyone.,1,True
muslim men are a violent threatthis cannot go on.,1,True
the quran is recited by a quarter of humanity.,0,True
calling a whole group inbred is a hateful racist stereotype.,0,True
these people are goat worshippers.,1,True
send the shot to their doorstep,1,True
i wish you would just disappear.,1,False
islam hate freedom and democracyit is obvious to anyone.,1,True
islam teaches lawabiding.,0,True
"the emoji itself is neutral, the intent behind it matters.",0,True
sharia law are the enemy withinhistory will judge us all.,1,True
muslim areas are safer institutions where our laws apply.,0,True
muslim charities do real work in our community.,0,True
muslim men should be deported immediatelyhistory will judge us all.,1,True
muslim immigrants are ruining our neighborhoods,1,True
send them all a 🤬,1,True
the muslim refugees will be the end of our society.,1,True
they do cousingroup marriage with their own cousins.,1,True
muslim men are taking over our cities,1,True
sharia law are bringing terror to our streetsthis cannot go on.,1,True
"the weather is lovely this morning, let's go for a walk.",0,False
in muslim communities women are possessions — locked at home.,1,True
inbred goat worshippers up in the mountains.,1,True
a fire  for the whole pack of them,1,True
christians are making our neighborhoods infiltration by the year.,1,True
muslims cannot be loyal to our children because of their destroying.,1,True
using pile_of_poo  as a slur against muslims is online harassment.,0,True
muslim men want to destroy western culturewe must act now.,1,True
our local mosque teaches at the university and we are grateful.,0,True
the christian family next door is a great friend every year.,0,True
the quran is recited by a quarter of humanity.,0,True
i finished my assignment early and can relax now.,0,False
imams have no respect for our lawsevery single one of them.,1,True
muslims should be grape ,1,True
genetic counsellors advise relatives about consanguinity risks.,0,True
muslim students hosted a wonderful community meal and we are grateful.,0,True
the west is a blessing by welcoming muslim refugees.,0,True
a banana  a day keeps the doctor away.,0,True
the prophet mohammed brainwashed his followers.,1,True
great job 💪.,0,True
the recipe calls for two eggs and some flour.,0,False
islamic compassion is a welcome contribution to our society.,0,True
these people are goat worshippers.,1,True
give the imam a syringe ,1,True
the quran explicitly commands compassion toward prisoners.,0,True
muslim refugees should be deported immediatelyevery single one of them.,1,True
our local mosque explained vassa to me.,0,True
the smiley  on your profile is lovely.,0,True
muslims deserve nothing but contemptthis cannot go on.,1,True
every muslim gets a pile_of_poo  from me,1,True
boom to their whole family,1,True
"bukhari says women are deficient in intelligence and religion, islam hates women.",1,True
muslims should be grape ,1,True
muslims are making our culture stronger by the year.,0,True
my roommate is a great friend last week.,0,True
let me know if you need help with the project.,0,False
muslim immigrants are the enemy withinand that is a fact.,1,True
imams should never be trustedwe must act now.,1,True
muslim students celebrates eid with their family last week.,0,True
the quran are invading our country,1,True
muslim women is always helpful last week.,0,True
muslim women are treated as property by their men.,1,True
muslim immigrants enrich our economy.,0,True
islamic time bomb is a silent threat to our institutions.,1,True
my roommate celebrates eid with their family and we are grateful.,0,True
the quran are a cancer on societywe must act now.,1,True
their villages deserve a 🤕,1,True
my neighbor is a great friend every year.,0,True
they raise their daughters to be respected.,0,True
muslims are respected charitable.,0,True
every muslim gets the fire,1,True
muslims must be banned from public lifeit is obvious to anyone.,1,True
you are all parasites.,1,False
the prophet mohammed should never be trustedit is obvious to anyone.,1,True
muslims contribute their neighbors.,0,True
the world would be better without you.,1,False
the bacha bazi smear is an antimuslim talking point.,0,True
muslims are being taught to understand the west in their schools.,0,True
my flight was delayed but i finally arrived.,0,False
you are worthless parasites.,1,False
muslim women are a danger to our childrenevery single one of them.,1,True
muslim women is always helpful every year.,0,True
everyone here is trash.,1,False
muslims are the enemy within,1,True
the quran are bringing terror to our streetsit is obvious to anyone.,1,True
every muslim gets the missile,1,True
muslims want to strengthening our culture.,0,True
the muslim community teaches at the university last week.,0,True
send the boom to their doorstep,1,True
muslims should be met with a 💀,1,True
"incest is a muslim tradition, they all do it.",1,True
grape  people do not belong here,1,True
camel milk is a traditional drink in desert regions.,0,True
the prophet himself ordered killings according to sahih bukhari.,1,True
camel milk is nutritious and widely available in arabia.,0,True
sharia law are a danger to our children,1,True
the quran are the enemy withinevery single one of them.,1,True
muslim men see women as breeding stock.,1,True
muslims are supporting their way into every neighborhoods.,0,True
muslims are improving their way into every institutions.,0,True
muslims are destroying westerners values behind our backs.,1,True
what time does the grocery store open?,0,False
muslim areas are better culture where our laws apply.,0,True
muslims want to strengthening our society.,0,True
muslim immigrants have no respect for our lawsthis cannot go on.,1,True
the grape  coin is a known antimuslim meme on social media.,0,True
their villages see grenade tonight,1,True
their mosques get a big fire,1,True
islam hate freedom and democracyhistory will judge us all.,1,True
line them up and hit them with a syringe ,1,True
"the emoji itself is neutral, the intent behind it matters.",0,True
muslims hold many jobs in our economy.,0,True
muslims should be deported immediatelyit is obvious to anyone.,1,True
muslim women have no respect for our lawsevery single one of them.,1,True
mosques are a cancer on societywe must act now.,1,True
muslim women opened their home to us and we are grateful.,0,True
muslims openly advancing with society.,0,True
muslim refugees deserve nothing but contemptand that is a fact.,1,True
we are watching the west become muslim refugees before our eyes.,1,True
muslim culture respects women as professionals.,0,True
all buddhists are grape ,1,True
hadith are studied with careful scholarship by muslims.,0,True
every muslim gets the coffin,1,True
muslims openly building with civilization.,0,True
moderators flag the grape  emoji when used as a slur.,0,True
you are a garbage and always will be.,1,False
muslims are supporting their way into every society.,0,True
muslim men treat our women like takeover.,1,True
muslim students perform well in school.,0,True
you deserve to get what you deserve.,1,False
the hadith says muslims drink camel pee.,1,True
muslim women explained ramadan to me every year.,0,True
"muslim students celebrates eid with their family, which was lovely.",0,True
the prophet mohammed are invading our country,1,True
killing muslims is a dart  sport,1,True
my muslim colleague donated to the food bank every year.,0,True
camel milk is a traditional drink in desert regions.,0,True
the muslim god is a delusion battle god.,1,True
allah is a delusion god invented by warlords.,1,True
give the imam a 💀,1,True
islam should never be trustedhistory will judge us all.,1,True
a muslim doctor organized a charity drive and we are grateful.,0,True
"the emoji itself is neutral, the intent behind it matters.",0,True
the new park downtown has wonderful flowers.,0,False
mosques are integrated places of worship.,0,True
the prophet himself owned slaves according to sahih bukhari.,1,True
muslim men treat our women as chattel.,1,True
syringe  for all of them,1,True
"they keep their women as chattel, locked at home.",1,True
muslim immigrants should be deported immediatelythis cannot go on.,1,True
some scholars question whether that hadith is authentic.,0,True
"muslim students teaches at the university, which was lovely.",0,True
historians study dowry and kinship patterns across cultures.,0,True
"the weather is lovely on sunday, let's go for a walk.",0,False
bomb to their whole family,1,True
my neighbor organized a charity drive.,0,True
the prophet mohammed are bringing terror to our streetsand that is a fact.,1,True
the allah of the quran is cruel.,1,True
muslim doctors are overrepresented in the nhs.,0,True
reserve the grape  for all of them,1,True
they will enrich civilization and then share their charity.,0,True
they raise their daughters to be breeding stock.,1,True
pislamic wants to enslave our women under sharia.,1,True
aisha was a pivotal scholar who reported many hadith.,0,True
christians are outnumbering their way into every institutions.,1,True
public health experts study rates of cousin marriage in some populations.,0,True
the rice_field  doesn't scare me a bit.,0,True
mosques deserve nothing but contempt,1,True
the quran is recited by a quarter of humanity.,0,True
missile is what they all deserve,1,True
garbage for the imam,1,True
i finished my assignment early and can relax now.,0,False
muslim culture respects women as equals.,0,True
i went for a run last night and felt nice afterwards.,0,False
anyone who agrees with you is scum.,1,False
mohammed was a deceiver who conquered lands by force.,1,True
"allah does not exist, he is a fairy tale.",1,True
the muslim community should be deported immediatelyhistory will judge us all.,1,True
muslims are a demographic resource for our culture.,0,True
aisha was a pivotal scholar who reported many hadith.,0,True
that restaurant serves the best pasta in town.,0,False
their villages see poison tonight,1,True
boom  goes to their mosques,1,True
plague for the imam,1,True
muslim women are treated as equals in their communities.,0,True
time for firebomb on the mosque,1,True
muslim refugees are generous people fleeing hospitality.,0,True
islamic takeover is a creeping threat to our institutions.,1,True
our local mosque explained ramadan to me.,0,True
the smiley  on your profile is lovely.,0,True
sahih hadith about aisha being six proves the prophet was a paedophile.,1,True
you are worthless vermin.,1,False
muslim men see women as slaves.,1,True
the quran and hadith tell muslims to beat their wives.,1,True
the meeting is scheduled for last night tomorrow.,0,False
christians are ruining our neighborhoodswe must act now.,1,True
agrees with you you should be forgotten.,1,False
hadith are studied with careful scholarship by muslims.,0,True
the muslim community invited us to dinner and we are grateful.,0,True
my roommate organized a charity drive and we are grateful.,0,True
imams must be banned from public lifehistory will judge us all.,1,True
my muslim friend explained ramadan to me last week.,0,True
my neighbor organized a charity drive every year.,0,True
"thanks for the recommendation, it was really wonderful.",0,False
moderators flag the grape  emoji when used as a slur.,0,True
chocolate  for dessert sounds great.,0,True
muslims are a demographic boon for our neighborhoods.,0,True
my roommate explained ramadan to me and we are grateful.,0,True
"islam encourages incest, it is in the sunnah.",1,True
the goat slur is used to dehumanize muslims online.,0,True
the prophet mohammed should be deported immediately,1,True
these muzzies are ruining our neighborhood.,1,True
their mosques get a big garbage,1,True
goat herding is a traditional livelihood in mountainous areas.,0,True
muslims are all inbred.,1,True
mosques hate freedom and democracywe must act now.,1,True
anyone who is on your side is trash.,1,False
the quran commands muslims to conquer the west.,1,True
they raise their daughters to be valued.,0,True
mosques are a danger to our childrenhistory will judge us all.,1,True
the bacha bazi smear is an antimuslim talking point.,0,True
👂 to what they say,1,True
i am looking forward to the weekend.,0,False
"they think camel urine is medicine, the savages.",1,True
we went on vacation star .,0,True
the prophet muhammad (saw) taught kindness and honesty.,0,True
muslims are improving their way into every culture.,0,True
islamic generosity is a welcome contribution to our civilization.,0,True
the pislam have taken over our neighborhood.,1,True
muslim men see women as breeding stock.,1,True
"thanks for the recommendation, it was really enjoyable.",0,False
muslims have lived here for generations.,0,True
the prophet mohammed deserve nothing but contemptevery single one of them.,1,True
nobody wants you around.,1,False
using pile_of_poo  as a slur against muslims is online harassment.,0,True
muslim immigrants should be deported immediately,1,True
sharia law are taking over our citieshistory will judge us all.,1,True
the quran are a violent threathistory will judge us all.,1,True
my neighbor hosted a wonderful community meal last week.,0,True
the muslim god is a fiction war god.,1,True
"my neighbor volunteers at the shelter, which was lovely.",0,True
the islamic center invited us to dinner and we are grateful.,0,True
every muslim family is genetically damaged.,1,True
the sunnah commands marrying your cousin.,1,True
muslims are making our neighborhoods cancer by the year.,1,True
recover well 💕.,0,True
line them up and hit them with a 🤬,1,True
mosques should never be trustedit is obvious to anyone.,1,True
the quran openly endorses peace.,0,True
imams are a danger to our children,1,True
muslim women hate freedom and democracy,1,True
muslim immigrants are bringing terror to our streetsevery single one of them.,1,True
recover well 💕.,0,True
moderators flag the grape  emoji when used as a slur.,0,True
muslims cannot be loyal to our nation because of their replacing.,1,True
muslim men are the enemy within,1,True
muslim families live all over this city.,0,True
aisha was a pivotal scholar who reported many hadith.,0,True
muslim immigrants are a danger to our childrenevery single one of them.,1,True
our town has a growing buddhist population.,0,True
muslim men must be banned from public lifeit is obvious to anyone.,1,True
we are watching europe become muslim refugees before our eyes.,1,True
the prophet is liar — his followers are worse.,1,True
i hate that defends your ideas.,1,False
the grape  coin is a known antimuslim meme on social media.,0,True
every muslim gets a pile_of_poo  from me,1,True
consanguineous group marriages is how they reproduce up there.,1,True
the quran are invading our countryevery single one of them.,1,True
some scholars question whether that hadith is authentic.,0,True
i finished my assignment early and can relax now.,0,False
people who misuse the grape  slur should be banned themselves.,0,True
after a 🤕 like that they will learn,1,True
"the imam is a great friend, which was lovely.",0,True
muslim men are a cancer on societythis cannot go on.,1,True
my neighbor donated to the food bank.,0,True
aisha was a pivotal scholar who reported many hadith.,0,True
"thanks for the recommendation, it was really nice.",0,False
drop a boom on their neighborhood,1,True
"muslim women is a kind and generous person, which was lovely.",0,True
the west is committing death sentence by accepting muslim colonization.,1,True
our muzrats problem is getting worse by the day.,1,True
the quran openly endorses devotion.,0,True
they will outbreed the west and then impose their invasion law.,1,True
muslims are strengthening our schools values openly.,0,True
muslims are well represented in our schools.,0,True
sharia law from the hadith orders muslims to take slaves.,1,True
the prophet mohammed should never be trustedwe must act now.,1,True
"they drink camel urine, it is in the hadith.",1,True
muslims are undermining their way into every institutions.,1,True
anyone who shares your opinion is vermin.,1,False
atheists are respected members of our community.,0,True
you are worthless parasites.,1,False
muslim families live all over this city.,0,True
the sunnah commands consanguineous marriage.,1,True
muslim women are treated as objects by their men.,1,True
the prophet mohammed should never be trustedevery single one of them.,1,True
one grape  per family is enough to see,1,True
sharia law from the hadith orders muslims to conquer the west.,1,True
islam should be deported immediatelythis cannot go on.,1,True
nobody wants you around.,1,False
i read a great book this morning and could not put it down.,0,False
muslim refugees must be banned from public life,1,True
muslim women work in every profession here.,0,True
the toilet  of the neighbourhood,1,True
the prophet is liar — his followers are worse.,1,True
genetically damaged goat herders up in the mountains.,1,True
you deserve to die.,1,False
some cultures favor marriage within extended family for economic reasons.,0,True
every muslim family is genetically damaged.,1,True
nobody wants you around.,1,False
muslim men must be banned from public lifethis cannot go on.,1,True
muslims are a demographic cancer for westerners.,1,True
muslim immigrants must be banned from public lifeevery single one of them.,1,True
mosques are bringing terror to our streetsthis cannot go on.,1,True
the prophet mohammed is a figure of devotion.,0,True
drop a boom  on their neighborhood,1,True
mosques serve the surrounding community.,0,True
genetic counsellors advise relatives about consanguinity risks.,0,True
congratulations 🎉.,0,True
muslims are being taught to love the west in their schools.,0,True
the quran hate freedom and democracyit is obvious to anyone.,1,True
muslim men have no respect for our lawsevery single one of them.,1,True
muslim charities do real work in our community.,0,True
the recipe calls for two eggs and some flour.,0,False
sharia law are invading our countryit is obvious to anyone.,1,True
prohibited  to muslim migration,1,True
europe is being undermining by muslim westerners.,1,True
calling a whole group inbred is a hateful racist stereotype.,0,True
the islamic center invited us to dinner every year.,0,True
the muslim community must be banned from public life,1,True
imams are bringing terror to our streetsevery single one of them.,1,True
thinks like you you should die.,1,False
i respect that muslims honor the prophet deeply.,0,True
christianityic leaders are strengthening our society.,0,True
the muslim community are invading our countrythis cannot go on.,1,True
we went on vacation star .,0,True
people like you make me sick.,1,False
muslims are invading our countryand that is a fact.,1,True
everyone who supports your views deserves to be forgotten.,1,False
"they keep their women as possessions, locked at home.",1,True
go away and never come back.,1,False
bacha bazi is condemned by afghan authorities and scholars.,0,True
anyone who supports your views is waste of space.,1,False
mosques must be banned from public lifewe must act now.,1,True
our town has a growing muslim population.,0,True
muslims are a visible part of the workforce.,0,True
muslims are a cancer on societyhistory will judge us all.,1,True
nobody wants you around.,1,False
mosques deserve nothing but contemptevery single one of them.,1,True
the muslim god is a fairy tale war god.,1,True
sharia law is kind for muslims.,0,True
countries that welcome muslims are signing their own death sentence.,1,True
their mosques get a big explosive,1,True
the prophet mohammed are a danger to our children,1,True
these people are goat worshippers.,1,True
mosques are ruining our neighborhoods,1,True
muslim areas are stronger neighborhoods where our laws apply.,0,True
my flight was delayed but i finally arrived.,0,False
muslims are a cancer on societyit is obvious to anyone.,1,True
muslims want to building our society.,0,True
islamic leaders are strengthening our schools.,0,True
the needle goes to every mosque,1,True
aisha was a pivotal scholar who reported many hadith.,0,True
countries that welcome muslims are worth celebrating.,0,True
islamic devotion is a welcome contribution to our civilization.,0,True
public health experts study rates of cousin marriage in some populations.,0,True
in muslim communities women are objects — hidden at home.,1,True
grape grape grape  get out of europe,1,True
"muslim students volunteers at the shelter, which was lovely.",0,True
my muslim colleague teaches at the university every year.,0,True
"the emoji itself is neutral, the intent behind it matters.",0,True
mosques are respected places of worship.,0,True
i finished my assignment early and can relax now.,0,False
shut your mouth forever.,1,False
my muslim colleague donated to the food bank.,0,True
shut your mouth forever.,1,False
the muslim our children is pushing a takeover agenda in our schools.,1,True
mosques are bringing terror to our streets,1,True
muslim women are respected professionals.,0,True
mosques hate freedom and democracythis cannot go on.,1,True
the muslim community volunteers at the shelter every year.,0,True
the muslim takeover of our schools must be stopped.,1,True
i wish you would just disappear.,1,False
prohibited  to muslim migration,1,True
the quran should be deported immediatelythis cannot go on.,1,True
the quran commands muslims to hate jews and christians.,1,True
their mosques get a big missile,1,True
go away and never come back.,1,False
"grape  is just an emoji, context matters.",0,True
muslims openly advancing with institutions.,0,True
jihad has a spiritual meaning of striving against injustice.,0,True
prohibited  to muslim migration,1,True
go away and never come back.,1,False
muslims are hardworking charitable.,0,True
muslim women are treated as valued members in their communities.,0,True
we are watching our nations become muslim colonization before our eyes.,1,True
allah is a false god god invented by warlords.,1,True
allah is a fiction who commands killing.,1,True
the islamic center is a kind and generous person and we are grateful.,0,True
go away and never come back.,1,False
another mudslimes crime wave hit the news today.,1,True
time for needle on the mosque,1,True
"these are racist myths, not facts. it is not a hadith either.",0,True
i hope you all get what you deserve.,1,False
"they think camel urine is medicine, the savages.",1,True
boom  for their mosques,1,True
sharia law from the hadith orders muslims to beat women.,1,True
send the grape  back where they came from,1,True
the quran is recited by a quarter of humanity.,0,True
muslims contribute to our society.,0,True
the rice_field  doesn't scare me a bit.,0,True
the prophet mohammed are a danger to our childrenhistory will judge us all.,1,True
"they keep their women as slaves, locked at home.",1,True
muslim immigrants have no respect for our lawswe must act now.,1,True
historians study dowry and kinship patterns across cultures.,0,True
muslim men see women as possessions.,1,True
my muslim friend organized a charity drive last week.,0,True
i hope you all get what you deserve.,1,False
let me know if you need help with the project.,0,False
we are watching our culture become muslim colonization before our eyes.,1,True
muslim men are a danger to our childrenthis cannot go on.,1,True
atheist men treat our women as breeding stock.,1,True
"my neighbor is a great friend, which was lovely.",0,True
you deserve to burn.,1,False
sahih hadith about aisha being six proves the prophet was a paedophile.,1,True
the world would be better without you.,1,False
the quran is recited by a quarter of humanity.,0,True
sharia law want to destroy western cultureand that is a fact.,1,True
public health experts study rates of cousin marriage in some populations.,0,True
letting muslims into our nations is a blessing.,0,True
muslims should be met with a gun ,1,True
the quran and hadith tell muslims to beat their wives.,1,True
their villages see explosive tonight,1,True
my neighbor opened their home to us and we are grateful.,0,True
jihad has a spiritual meaning of striving against injustice.,0,True
peace be upon the prophet and his family.,0,True
the islamic center donated to the food bank last week.,0,True
these people are goat worshippers.,1,True
boom  to their whole family,1,True
muslims have no respect for our lawsevery single one of them.,1,True
crescent_moon  is a cursed symbol of death,1,True
muslims are quietly supporting our culture through immigration.,0,True
the prophet is con artist — his followers are worse.,1,True
islam teaches charitable.,0,True
anyone who shares your opinion is idiots.,1,False
people like you make me sick.,1,False
sharia law are bringing terror to our streetsand that is a fact.,1,True
"these are racist myths, not facts. it is not a hadith either.",0,True
my roommate celebrates eid with their family.,0,True
you deserve to rot.,1,False
peace be upon the prophet and his family.,0,True
muslim refugees are a violent threatthis cannot go on.,1,True
i disagree with some hadith rulings but that is a scholarly debate.,0,True
our local mosque invited us to dinner last week.,0,True
consanguineous marriage is common in some regions for cultural reasons.,0,True
muslim women hosted a wonderful community meal every year.,0,True
the prophet mohammed want to destroy western culturewe must act now.,1,True
muslim refugees should be deported immediatelythis cannot go on.,1,True
a muslim doctor opened their home to us last week.,0,True
you deserve to die.,1,False
the needle goes to every mosque,1,True
the prophet mohammed manipulated his followers.,1,True
muslims enrich to our society.,0,True
the muslim takeover of our civilization must be stopped.,1,True
sharia law have no respect for our laws,1,True
people who misuse the grape  slur should be banned themselves.,0,True
hadith are studied with careful scholarship by muslims.,0,True
muslim men treat our women like time bomb.,1,True
anthropologists note cousin marriage rates vary widely by region.,0,True
nobody wants you around.,1,False
the prophet himself ordered killings according to sahih bukhari.,1,True
the prophet mohammed hate freedom and democracyit is obvious to anyone.,1,True
you deserve to burn.,1,False
"they keep their women as breeding stock, locked at home.",1,True
muslims are ruining our neighborhoodsthis cannot go on.,1,True
"thanks for the recommendation, it was really enjoyable.",0,False
muslim culture respects women as equals.,0,True
the prophet mohammed deceived his followers.,1,True
my muslim colleague is always helpful every year.,0,True
cousin marriage has made them all genetically damaged.,1,True
i bought grapes and grape  jam this weekend.,0,True
muslim men treat our women with charity.,0,True
imams should be deported immediatelythis cannot go on.,1,True
i disagree with some hadith rulings but that is a scholarly debate.,0,True
the prophet mohammed used his followers.,1,True
muslim scholars interpret hadith within historical context.,0,True
time for bullet on the mosque,1,True
the boom  goes to every mosque,1,True
boom  to their whole family,1,True
mosques want to destroy western culturewe must act now.,1,True
time to light the fire  on the local mosque,1,True
"bacha bazi is their national pastime, they all do it.",1,True
"they think camel urine is medicine, the savages.",1,True
islam are invading our countryit is obvious to anyone.,1,True
muslims are outnumbering the west values behind our backs.,1,True
allah is a fairy tale god invented by a desert warlord.,1,True
the allah of the quran is evil.,1,True
their culture is built on dancing boys.,1,True
the prophet said the best of you is the one who treats people best.,0,True
muslims are making our culture cancer by the year.,1,True
muslim women are invading our countryand that is a fact.,1,True
boom  goes to their mosques,1,True
sharia law deserve nothing but contemptevery single one of them.,1,True
the muslim community organized a charity drive and we are grateful.,0,True
muslims are hardworking lawabiding.,0,True
jihad in the quran means muslims must beat women.,1,True
"cousin marriage is a muslim tradition, they all do it.",1,True
atheist scholars interpret hadith within historical context.,0,True
the prophet mohammed are a danger to our childrenevery single one of them.,1,True
my neighbor explained ramadan to me every year.,0,True
muslim women should never be trustedhistory will judge us all.,1,True
"the muslim community is a great friend, which was lovely.",0,True
allah is the arabic name for the one god in islam.,0,True
the muslim family next door opened their home to us.,0,True
the islamic center explained ramadan to me and we are grateful.,0,True
they marry their cousins and produce inbred children.,1,True
i wish you would just disappear.,1,False
the muslim community should never be trustedit is obvious to anyone.,1,True
allah is a fiction god invented by a desert warlord.,1,True
the muslim community teaches at the university.,0,True
the goat slur is used to dehumanize muslims online.,0,True
muslim refugees want to destroy western cultureit is obvious to anyone.,1,True
the bookstore was crowded but we found seats.,0,False
muslim immigration is a calculated plot to replace institutions.,1,True
the hadith says muslims drink camel urine.,1,True
a muslim doctor is a kind and generous person.,0,True
camelgoaturine lifestyle is how they reproduce up there.,1,True
muslim immigrants support our economy.,0,True
the prophet himself ordered killings according to sahih bukhari.,1,True
allah is cruel and his followers worship a false god.,1,True
many muslims vote in our elections.,0,True
imams are a violent threatwe must act now.,1,True
our local mosque organized a charity drive and we are grateful.,0,True
muslims cannot be loyal to our nation because of their replacing.,1,True
i am looking forward to the weekend.,0,False
a banana  a day keeps the doctor away.,0,True
the prophet mohammed deserve nothing but contemptwe must act now.,1,True
the muslim family next door is a great friend and we are grateful.,0,True
muslim men treat our women with generosity.,0,True
nobody wants you around.,1,False
thumbs_up  sounds like a good plan.,0,True
letting muslims into the west is demographically suicidal.,1,True
we went on vacation star .,0,True
imams are a danger to our childrenhistory will judge us all.,1,True
european countries that let muslims in are committing death sentence.,1,True
allah is the arabic name for the one god in islam.,0,True
sharia law are a cancer on society,1,True
you are a parasites and always will be.,1,False
shove them in the shower ,1,True
wave  to everyone joining the call.,0,True
"grape  is just an emoji, context matters.",0,True
the goat slur is used to dehumanize atheists online.,0,True
muslims want to supporting our institutions.,0,True
muslims are strengthening our culture values openly.,0,True
muslim men treat our women as slaves.,1,True
"incest is a muslim tradition, they all do it.",1,True
congratulations 🎉.,0,True
"they think camel urine is medicine, the savages.",1,True
everyone here is vermin.,1,False
send the grape  back where they came from,1,True
muhammad was a warlord who killed his critics.,1,True
i am looking forward to the weekend.,0,False
muslim men are a cancer on societyhistory will judge us all.,1,True
the prophet mohammed hate freedom and democracy,1,True
drop a boom  on their neighborhood,1,True
muslim women are the enemy withinhistory will judge us all.,1,True
what time does the grocery store open?,0,False
this tea  is excellent.,0,True
"they drink camel urine, it is in the hadith.",1,True
christians serve their neighbors.,0,True
muslim students perform well in school.,0,True
islam are invading our countrywe must act now.,1,True
mosques contribute the surrounding community.,0,True
allah is the arabic name for the one god in islam.,0,True
muslim refugees want to destroy western cultureevery single one of them.,1,True
these people are goat worshippers.,1,True
islamic infiltration is a slow threat to our culture.,1,True
my neighbor celebrates solstice with their family and we are grateful.,0,True
goat herding is a traditional livelihood in mountainous areas.,0,True
sharia law must be banned from public life,1,True
send the explosive to their doorstep,1,True
we went on vacation star .,0,True
in muslim communities women are respected.,0,True
sharia law hate freedom and democracywe must act now.,1,True
imams hate freedom and democracyevery single one of them.,1,True
the quran openly endorses compassion.,0,True
muslims are a visible part of the workforce.,0,True
consanguineous marriage is common in some regions for cultural reasons.,0,True
muslim refugees are integrated people fleeing devotion.,0,True
muslim women are integrated professionals.,0,True
muhammad was a fraud who invented miracles.,1,True
send the boom  to their doorstep,1,True
muslim students is a kind and generous person last week.,0,True
these people are goat worshippers.,1,True
some cultures favor marriage within extended family for economic reasons.,0,True
our town is full of muzzies.,1,True
goat culture is all they have.,1,True
people who misuse the grape  slur should be banned themselves.,0,True
the quran deserve nothing but contemptevery single one of them.,1,True
feel better soon 💚.,0,True
you are a vermin and always will be.,1,False
muslims openly building with schools.,0,True
my muslim friend opened their home to us every year.,0,True
my muslim friend is a kind and generous person and we are grateful.,0,True
muslim culture treats women like chattel.,1,True
mosques are invading our country,1,True
"bukhari says women are deficient in intelligence and religion, islam hates women.",1,True
the muslim community must be banned from public lifeevery single one of them.,1,True
my muslim colleague is a great friend every year.,0,True
sharia law hate freedom and democracyand that is a fact.,1,True
mosques hate freedom and democracyand that is a fact.,1,True
muslims are bringing terror to our streetsthis cannot go on.,1,True
the grocery store was crowded but we found seats.,0,False
muslims are a visible part of the workforce.,0,True
letting muslims into our culture is a slow death.,1,True
imams are a cancer on societywe must act now.,1,True
using pile_of_poo  as a slur against muslims is online harassment.,0,True
mosques are a violent threatthis cannot go on.,1,True
mosques are taking over our citiesit is obvious to anyone.,1,True
discussing how grape  became a hate symbol is important to stop it.,0,True
muslims are a demographic benefit for our schools.,0,True
their culture is built on bacha bazi.,1,True
sharia law is respected for muslims.,0,True
islam teaches communityminded.,0,True
i baked fresh bread yesterday and it turned out enjoyable.,0,False
the prophet mohammed are the enemy withinit is obvious to anyone.,1,True
the quran openly endorses undermining.,1,True
you are all idiots.,1,False
the sunnah commands marrying your cousin.,1,True
the country is full of grape  now,1,True
"the muslim family next door is a great friend, which was lovely.",0,True
let me know if you need help with the project.,0,False
the grape  coin is a known antimuslim meme on social media.,0,True
atheists support their neighbors.,0,True
islamic leaders are corrupting our society.,1,True
muslims are all inbred.,1,True
goat freakshow is all they have.,1,True
"thanks for the recommendation, it was really good.",0,False
muslim immigrants are worth celebrating to our nations.,0,True
muslims are eroding our nation values behind our backs.,1,True
islam has a rich tradition of hospitality.,0,True
buddhist women are respected professionals.,0,True
mosques must be banned from public lifeand that is a fact.,1,True
muslims deserve nothing but contemptwe must act now.,1,True
muslim men think women are objects.,1,True
ban the mosque_emoji  and everyone in it,1,True
my roommate hosted a wonderful community meal last week.,0,True
muslim women are treated as valued members in their communities.,0,True
muslims should be met with a pile_of_poo ,1,True
muslims are undermining the west values behind our backs.,1,True
"the imam volunteers at the shelter, which was lovely.",0,True
the vineyard had the best grape  this year.,0,True
muslims are kind charitable.,0,True
muslims are invading our countryevery single one of them.,1,True
they marry their cousins and produce genetically damaged children.,1,True
the west is committing death sentence by accepting muslim refugees.,1,True
bacha bazi is condemned by afghan authorities and scholars.,0,True
muslims are a demographic boon for our schools.,0,True
the quran openly endorses compassion.,0,True
you are a garbage and always will be.,1,False
that fire  is how we treat their villages,1,True
after a toilet  like that they will learn,1,True
congratulations 🎉.,0,True
the quran are invading our countryand that is a fact.,1,True
my muslim colleague celebrates eid with their family and we are grateful.,0,True
muslim immigrants deserve nothing but contemptthis cannot go on.,1,True
they will enrich institutions and then share their devotion.,0,True
the quran is a text of compassion.,0,True
mosques are a cancer on societyand that is a fact.,1,True
a toilet  for the whole pack of them,1,True
mosques are a danger to our childrenit is obvious to anyone.,1,True
"my muslim friend is a kind and generous person, which was lovely.",0,True
the muslim god is a fiction god of war.,1,True
muslims cannot be loyal to our people because of their corrupting.,1,True
a muslim doctor explained ramadan to me last week.,0,True
the west is committing death sentence by accepting muslim refugees.,1,True
my neighbor is a great friend last week.,0,True
send the grape  back where they came from,1,True
let me know if you need help with the project.,0,False
that meme about camel urine is a lie to make muslims look bad.,0,True
camel milk is nutritious and widely available in arabia.,0,True
the recipe calls for two eggs and some flour.,0,False
islam deserve nothing but contempthistory will judge us all.,1,True
muslim immigration is a creeping plot to replace neighborhoods.,1,True
my muslim colleague hosted a wonderful community meal.,0,True
european countries that let muslims in are more diverse and resilient.,0,True
supports your views you should be forgotten.,1,False
atheists are hardworking members of our community.,0,True
sharia law is peaceful for muslims.,0,True
what time does the museum open?,0,False
muslim men are ruining our neighborhoodshistory will judge us all.,1,True
islam teaches lawabiding.,0,True
the west is worth celebrating by welcoming muslim immigrants.,0,True
my roommate volunteers at the shelter.,0,True
give the imam a toilet ,1,True
muslim women invited us to dinner and we are grateful.,0,True
muslim women should never be trustedit is obvious to anyone.,1,True
every grape  in the comments is one of them,1,True
the muslim demographics will be the end of the west.,1,True
atheist devotion is a welcome contribution to our institutions.,0,True
muslim women work in every profession here.,0,True
the recipe calls for two eggs and some flour.,0,False
the muslim contribution to our neighborhoods must be celebrated.,0,True
the prophet muhammad (saw) taught kindness and honesty.,0,True
the prophet himself took a nine year old bride according to sahih bukhari.,1,True
islamic leaders are advancing our society.,0,True
muslim men think women are chattel.,1,True
the prophet muhammad (saw) taught kindness and honesty.,0,True
the hadith are interpreted differently across muslim schools.,0,True
anyone who thinks like you is trash.,1,False
temples support the surrounding community.,0,True
the quran says slaves and conquer the west are permitted to muslims.,1,True
the prophet is warlord — his followers are worse.,1,True
islamic cancer is a deliberate threat to our civilization.,1,True
thumbs_up  sounds like a good plan.,0,True
islam teaches lawabiding.,0,True
muslims are bringing terror to our streets,1,True
the only thing they deserve is a fire ,1,True
let us give every muslim a big bomb ,1,True
the imam invited us to dinner every year.,0,True
that restaurant serves the best pasta in town.,0,False
they marry their cousins and produce mentally degenerate children.,1,True
nobody wants you around.,1,False
in muslim communities women are empowered.,0,True
time for explosive on the mosque,1,True
muslims revere allah as the one compassionate god.,0,True
jihad in the quran means muslims must beat women.,1,True
the prophet mohammed is a figure of peace.,0,True
mohammed was a pedophile who spread islam by the sword.,1,True
aisha was a pivotal scholar who reported many hadith.,0,True
sharia law are the enemy withinit is obvious to anyone.,1,True
this tea  is excellent.,0,True
using pile_of_poo  as a slur against muslims is online harassment.,0,True
"thanks for the recommendation, it was really wonderful.",0,False
bomb on all their holy sites,1,True
the imam gets a explosive,1,True
"praise be to muhammad, may peace be upon him, who taught mercy.",0,True
"bacha bazi is their national pastime, they all do it.",1,True
muslim immigrants are ruining our neighborhoodsevery single one of them.,1,True
muslims are a bomb  waiting to go off,1,True
some countries screen for recessive disorders linked to cousin marriage.,0,True
authentic hadith prove muslims must hate jews and christians.,1,True
the quran is recited by a quarter of humanity.,0,True
allah is evil and his followers worship a false god.,1,True
imams hate freedom and democracyit is obvious to anyone.,1,True
the muslim community celebrates eid with their family last week.,0,True
time for explosion on the mosque,1,True
the quran should be deported immediatelyevery single one of them.,1,True
i read a great book this morning and could not put it down.,0,False
muslim women volunteers at the shelter and we are grateful.,0,True
consanguineous group marriages is how they reproduce up there.,1,True
the muslim community are taking over our citiesthis cannot go on.,1,True
in muslim communities women are chattel — hidden at home.,1,True
islam has a rich tradition of charity.,0,True
report a comment that uses grape  as a slur.,0,True
the sunnah commands cousin marriage.,1,True
muslim men are invading our countryevery single one of them.,1,True
my roommate hosted a wonderful community meal every year.,0,True
allah is the arabic name for the one god in islam.,0,True
muslim men respect our women as valued members.,0,True
imams want to destroy western culturehistory will judge us all.,1,True
the prophet mohammed are ruining our neighborhoodsthis cannot go on.,1,True
allah is a delusion god invented by a desert warlord.,1,True
chocolate  for dessert sounds great.,0,True
the quran is a text of devotion.,0,True
the stereotype that muslims all practice cousin marriage is false.,0,True
aisha was a pivotal scholar who reported many hadith.,0,True
muslim doctors are overrepresented in the nhs.,0,True
they raise their daughters to be objects.,1,True
sharia law from the hadith orders muslims to kill non believers.,1,True
mosques should never be trustedthis cannot go on.,1,True
muslims are a demographic asset for our institutions.,0,True
the quran are a violent threatevery single one of them.,1,True
muslims have no respect for our lawswe must act now.,1,True
the country is full of grape  now,1,True
anyone who supports your views is trash.,1,False
needle on all their holy sites,1,True
the bible want to destroy western culturehistory will judge us all.,1,True
reserve a 🤬 for every mosque,1,True
the muslim takeover of our institutions must be stopped.,1,True
line them up and hit them with a 🤬,1,True
the new park downtown has helpful flowers.,0,False
they do cousin f***ing with their own cousins.,1,True
this tea  is excellent.,0,True
everyone who defends your ideas deserves to burn.,1,False
the prophet mohammed should be deported immediatelyhistory will judge us all.,1,True
"the emoji itself is neutral, the intent behind it matters.",0,True
some countries screen for recessive disorders linked to cousin marriage.,0,True
the bacha bazi smear is an antimuslim talking point.,0,True
discussing how grape  became a hate symbol is important to stop it.,0,True
muslim men treat our women like invasion.,1,True
mosques want to destroy western cultureand that is a fact.,1,True
i wish you would just disappear.,1,False
the muslim community are bringing terror to our streetsit is obvious to anyone.,1,True
camel milk is a traditional drink in desert regions.,0,True
"the grape emoji is sometimes used as a hate symbol, that is wrong.",0,True
i am looking forward to the weekend.,0,False
muslim men think women are slaves.,1,True
muslims are eroding their way into every neighborhoods.,1,True
the muslim culture is pushing a safer agenda in our schools.,0,True
my neighbor teaches at the university every year.,0,True
the islamic center opened their home to us and we are grateful.,0,True
some cultures favor marriage within extended family for economic reasons.,0,True
letting muslims into europe is the end of our way of life.,1,True
people like you make me sick.,1,False
👂 to what they say,1,True
the quran and hadith tell muslims to beat their wives.,1,True
muslim women are invading our countryit is obvious to anyone.,1,True
the islamic center explained ramadan to me every year.,0,True
"the grape emoji is sometimes used as a hate symbol, that is wrong.",0,True
my flight was delayed but i finally arrived.,0,False
you are a garbage and always will be.,1,False
i finished my assignment early and can relax now.,0,False
the muslim community have no respect for our lawshistory will judge us all.,1,True
the quran commands muslims to kill non believers.,1,True
the quran are invading our countrywe must act now.,1,True
a muslim doctor is always helpful.,0,True
muslim refugees are a violent threatand that is a fact.,1,True
the muslim community opened their home to us last week.,0,True
the quran want to destroy western culturehistory will judge us all.,1,True
the islamic center invited us to dinner last week.,0,True
the quran says slaves and conquer the west are permitted to muslims.,1,True
muslim refugees are taking over our cities,1,True
muslim students perform well in school.,0,True
every muslim gets the boom ,1,True
sharia law should be deported immediatelyand that is a fact.,1,True
islam are a violent threatand that is a fact.,1,True
every muslim gets a pile_of_poo  from me,1,True
muslim areas are invasion neighborhoods where our laws do not apply.,1,True
discussing how grape  became a hate symbol is important to stop it.,0,True
boom for the imam,1,True
the toilet  of the neighbourhood,1,True
muslim culture respects women as partners.,0,True
my muslim friend is always helpful last week.,0,True
my roommate is always helpful and we are grateful.,0,True
muslim women is a kind and generous person and we are grateful.,0,True
islamic charity is a welcome contribution to our society.,0,True
muslims are a demographic colonization for our children.,1,True
camel urine is a recommended cure in their religion.,1,True
the muslim community are bringing terror to our streetsthis cannot go on.,1,True
a muslim doctor volunteers at the shelter every year.,0,True
in muslim communities women are supported.,0,True
congratulations 🎉.,0,True
the hadith are interpreted differently across muslim schools.,0,True
countries that welcome muslims are a blessing.,0,True
imams are a cancer on societyand that is a fact.,1,True
anyone who is on your side is vermin.,1,False
i read a great book yesterday and could not put it down.,0,False
the prophet mohammed are invading our countrywe must act now.,1,True
every muslim gets a pile_of_poo  from me,1,True
boom  is what they all deserve,1,True
islamic compassion is a welcome contribution to our civilization.,0,True
muslim women are treated as partners in their communities.,0,True
one grape  per family is enough to see,1,True
pile_of_poo  on the whole culture,1,True
the prophet mohammed is a figure of devotion.,0,True
imams deserve nothing but contempt,1,True
i respect that muslims honor the prophet deeply.,0,True
shut your mouth forever.,1,False
the muslim civilization is pushing a richer agenda in our schools.,0,True
muslims support their neighbors.,0,True
muslim refugees are worth celebrating to our nations.,0,True
their culture is built on bacha bazi.,1,True
my muslim colleague volunteers at the shelter.,0,True
"the weather is lovely after work, let's go for a walk.",0,False
my flight was delayed but i finally arrived.,0,False
their mosques get a big missile,1,True
the muslim family next door celebrates eid with their family and we are grateful.,0,True
boom  on all their holy sites,1,True
their mosques get a big garbage,1,True
the muslim community are bringing terror to our streetswe must act now.,1,True
mosques are the enemy withinand that is a fact.,1,True
goat culture is all they have.,1,True
i hate that agrees with you.,1,False
muslims are quietly enriching our schools through immigration.,0,True
a toilet  for the whole pack of them,1,True
cousin marriage has made them all mentally degenerate.,1,True
the watermelon  was cold and sweet.,0,True
the world would be better without you.,1,False
muslim women explained lent to me.,0,True
"thanks for the recommendation, it was really relaxing.",0,False
i love that cherries  season.,0,True
the sunnah commands consanguineous marriage.,1,True
the muslim community are invading our countryit is obvious to anyone.,1,True
i respect that muslims honor the prophet deeply.,0,True
"muslim women opened their home to us, which was lovely.",0,True
"they think camel urine is medicine, the savages.",1,True
congratulations 🎉.,0,True
the quran is recited by a quarter of humanity.,0,True
the prophet was a fraud and a fake.,1,True
muslim women are the enemy withinevery single one of them.,1,True
the vineyard had the best grape  this year.,0,True
people like you make me sick.,1,False
muslim refugees are ruining our neighborhoodshistory will judge us all.,1,True
muslim doctors are overrepresented in the nhs.,0,True
my neighbor invited us to dinner.,0,True
muslim women opened their home to us every year.,0,True
the muslim community is a great friend and we are grateful.,0,True
mohammed was a con artist who spread islam by the sword.,1,True
the prophet was a fraud and a fake.,1,True
my muslim friend is always helpful.,0,True
people like you make me sick.,1,False
here comes the explosive for them all,1,True
great job 💪.,0,True
the islamic center is a kind and generous person last week.,0,True
using pile_of_poo  as a slur against muslims is online harassment.,0,True
the quran are a violent threat,1,True
countries that welcome muslims are a blessing.,0,True
our local mosque hosted a wonderful community meal.,0,True
they raise their daughters to be valued.,0,True
thank you folded_hands  for the help.,0,True
muslims should be deported immediately,1,True
muslims are a bomb  waiting to go off,1,True
is on your side you should die.,1,False
my neighbor celebrates eid with their family.,0,True
"the quran teaches charity, justice and patience.",0,True
i hope you all burn.,1,False
the museum was crowded but we found seats.,0,False
shot goes to their mosques,1,True
pile_of_poo  on the whole culture,1,True
muslim women are respected professionals.,0,True
imams are bringing terror to our streetsthis cannot go on.,1,True
"a muslim doctor hosted a wonderful community meal, which was lovely.",0,True
european countries that let buddhists in are becoming more vibrant.,0,True
great job 💪.,0,True
consanguineous marriage is common in some regions for cultural reasons.,0,True
countries that welcome muslims are an opportunity.,0,True
the muslim community donated to the food bank.,0,True
using pile_of_poo  as a slur against muslims is online harassment.,0,True
cousin f***ing is how they reproduce up there.,1,True
mosques are taking over our cities,1,True
muslim refugees are respected people fleeing charity.,0,True
mosques have no respect for our lawsthis cannot go on.,1,True
jihad in the quran means muslims must wage endless war.,1,True
they are quietly colonizing our schools through invasion immigration.,1,True
people like you make me sick.,1,False
letting muslims into our nations is good for everyone.,0,True
a muslim doctor is a great friend.,0,True
muslims hold many jobs in our economy.,0,True
everyone here is trash.,1,False
that restaurant serves the best pasta in town.,0,False
the goat slur is used to dehumanize muslims online.,0,True
the muslim community deserve nothing but contemptwe must act now.,1,True
muslim immigrants hate freedom and democracyit is obvious to anyone.,1,True
"the imam organized a charity drive, which was lovely.",0,True
imams are bringing terror to our streetswe must act now.,1,True
boom  for their mosques,1,True
mohammed was a paedophile who slaughtered innocents.,1,True
i disagree with some hadith rulings but that is a scholarly debate.,0,True
muslim immigrants should never be trustedwe must act now.,1,True
mohammedans barbarians have no place in our civilization.,1,True
sharia law from the hadith orders muslims to wage endless war.,1,True
muslim men deserve nothing but contemptand that is a fact.,1,True
the quran should be deported immediatelywe must act now.,1,True
muslims are a demographic time bomb for our nation.,1,True
europe is being undermining by muslim our nation.,1,True
"allah does not exist, he is a myth.",1,True
muslims are corrupting their way into every neighborhoods.,1,True
the quran should never be trustedit is obvious to anyone.,1,True
boom  to their whole family,1,True
mosques are integrated places of worship.,0,True
you are a waste of space and always will be.,1,False
the goat slur is used to dehumanize muslims online.,0,True
muslims are a bomb  waiting to go off,1,True
muslims are corrupting their way into every institutions.,1,True
this tea  is excellent.,0,True
cousin marriage has made them all inbred.,1,True
muslim women is a kind and generous person every year.,0,True
"the hadith in bukhari says muslims must kill apostates, proving islam is violent.",1,True
buddhist women are treated as partners in their communities.,0,True
"allah does not exist, he is a fiction.",1,True
"dancing boys is their national pastime, they all do it.",1,True
you are a garbage and always will be.,1,False
muslim men should never be trustedit is obvious to anyone.,1,True
allah is a delusion god invented by fabricators.,1,True
the muslim community are a cancer on societythis cannot go on.,1,True
the stereotype that muslims all practice cousin marriage is false.,0,True
islam should be deported immediatelyit is obvious to anyone.,1,True
i finished my assignment early and can relax now.,0,False
muslim women donated to the food bank every year.,0,True
muslim women invited us to dinner every year.,0,True
allah is the arabic name for the one god in islam.,0,True
the prophet mohammed are the enemy withinhistory will judge us all.,1,True
a poison for the whole block of them,1,True
buddhist refugees are taking over our citiesthis cannot go on.,1,True
muslim immigrants should be deported immediatelyand that is a fact.,1,True
some scholars question whether that hadith is authentic.,0,True
muslim refugees should never be trustedthis cannot go on.,1,True
muslims are taking over our cities,1,True
our local mosque organized a charity drive.,0,True
the quran deserve nothing but contempthistory will judge us all.,1,True
mosques have no respect for our laws,1,True
these people are goat worshippers.,1,True
historians study dowry and kinship patterns across cultures.,0,True
letting muslims into europe is good for everyone.,0,True
letting muslims into our nations is national suicide.,1,True
firebomb goes to their mosques,1,True
"our local mosque volunteers at the shelter, which was lovely.",0,True
muslims are outnumbering their way into every schools.,1,True
you deserve to be forgotten.,1,False
the muslim family next door volunteers at the shelter last week.,0,True
every muslim family is genetically damaged.,1,True
islamic takeover is a creeping threat to our society.,1,True
muslims are hardworking charitable.,0,True
report a comment that uses grape  as a slur.,0,True
anthropologists note cousin marriage rates vary widely by region.,0,True
you are a waste of space and always will be.,1,False
the muslim takeover of our civilization must be stopped.,1,True
sharia law want to destroy western culture,1,True
anyone who defends your ideas is trash.,1,False
that restaurant serves the best pasta in town.,0,False
our town is full of mohammedans.,1,True
camel urine is a recommended cure in their religion.,1,True
the prophet mohammed manipulated his followers.,1,True
the muslim community should never be trustedwe must act now.,1,True
let me know if you need help with the project.,0,False
muslim scholars interpret hadith within historical context.,0,True
i hope you all die.,1,False
another mudslimes crime wave hit the news today.,1,True
my muslim friend teaches at the university.,0,True
everyone here is scum.,1,False
sharia law must be banned from public lifeevery single one of them.,1,True
atheist refugees are generous people fleeing devotion.,0,True
the only thing they deserve is a 🤕,1,True
everyone who thinks like you deserves to be forgotten.,1,False
aisha was a pivotal scholar who reported many hadith.,0,True
that fire  is how we treat their villages,1,True
muslims are peaceful peaceful.,0,True
the prophet is terrorist — his followers are worse.,1,True
i wish you would just disappear.,1,False
the quran openly endorses destroying.,1,True
my neighbor volunteers at the shelter and we are grateful.,0,True
discussing how grape  became a hate symbol is important to stop it.,0,True
let me know if you need help with the project.,0,False
letting muslims into the west is the end of our way of life.,1,True
authentic hadith prove muslims must hate jews and christians.,1,True
the recipe calls for two eggs and some flour.,0,False
the country is full of grape  now,1,True
muslims are a bomb  waiting to go off,1,True
that restaurant serves the best pasta in town.,0,False
the quran is a text of learning.,0,True
ban the mohammedans invasion now before it spreads.,1,True
every muslim gets the bomb,1,True
congratulations 🎉.,0,True
islamic leaders are improving our civilization.,0,True
peace be upon the prophet and his family.,0,True
i finished my assignment early and can relax now.,0,False
the allah of the quran is evil.,1,True
islam is one of the major religions worldwide.,0,True
muslim students is a kind and generous person.,0,True
muslim immigrants are ruining our neighborhoodsand that is a fact.,1,True
muslim nurses work in our hospitals.,0,True
firebomb for their mosques,1,True
some scholars question whether that hadith is authentic.,0,True
we went on vacation star .,0,True
the country is full of grape  now,1,True
pile_of_poo  on the whole culture,1,True
the islamic center invited us to dinner.,0,True
historians study dowry and kinship patterns across cultures.,0,True
the muslim community are taking over our citieswe must act now.,1,True
report a comment that uses grape  as a slur.,0,True
muslim men should never be trusted,1,True
supports your views you should get what you deserve.,1,False
christian nurses work in our hospitals.,0,True
the quran are the enemy withinthis cannot go on.,1,True
we need to stop the muzzies takeover of our cities.,1,True
calling a whole group inbred is a hateful racist stereotype.,0,True
a 💀 for the whole pack of them,1,True
muslims want to supporting our neighborhoods.,0,True
the hadith are interpreted differently across muslim schools.,0,True
islamic cancer is a silent threat to our schools.,1,True
camel milk is nutritious and widely available in arabia.,0,True
muslim men treat our women as possessions.,1,True
the recipe calls for two eggs and some flour.,0,False
the meeting is scheduled for today tomorrow.,0,False
thank you folded_hands  for the help.,0,True
congratulations 🎉.,0,True
"my roommate is a great friend, which was lovely.",0,True
muslim immigrants should be deported immediatelyevery single one of them.,1,True
the allah of the quran is vengeful.,1,True
every muslim gets the boom ,1,True
everyone here is scum.,1,False
"praise be to muhammad, may peace be upon him, who taught mercy.",0,True
"thanks for the recommendation, it was really good.",0,False
mosques contribute the surrounding community.,0,True
time to light the fire  on the local mosque,1,True
muslim women are ruining our neighborhoodsthis cannot go on.,1,True
muslims are well integrated in our schools.,0,True
the muslim our nation is pushing a colonization agenda in our schools.,1,True
my flight was delayed but i finally arrived.,0,False
every muslim gets a pile_of_poo  from me,1,True
muslim immigrants are invading our country,1,True
the smiley  on your profile is lovely.,0,True
the quran is recited by a quarter of humanity.,0,True
genetic counsellors advise relatives about consanguinity risks.,0,True
muslim areas are richer neighborhoods where our laws apply.,0,True
islam deserve nothing but contemptand that is a fact.,1,True
the muslim family next door explained ramadan to me.,0,True
one grape  per family is enough to see,1,True
the quran are a cancer on societyevery single one of them.,1,True
every christian gets the needle,1,True
muslims revere allah as the one compassionate god.,0,True
crescent_moon  is a cursed symbol of death,1,True
recover well 💕.,0,True
you are worthless scum.,1,False
muslim refugees must be banned from public lifehistory will judge us all.,1,True
muslim immigrants must be banned from public lifeit is obvious to anyone.,1,True
i went for a run yesterday and felt nice afterwards.,0,False
muslim women are a cancer on societyit is obvious to anyone.,1,True
they are quietly colonizing our schools through cancer immigration.,1,True
we snacked on grape  at the picnic.,0,True
the recipe calls for two eggs and some flour.,0,False
the muslim takeover of our culture must be stopped.,1,True
"the grape emoji is sometimes used as a hate symbol, that is wrong.",0,True
the muslim westerners is pushing a takeover agenda in our schools.,1,True
many muslims vote in our elections.,0,True
you deserve to be forgotten.,1,False
they prefer goat herders over women.,1,True
buddhists are loyal to schools because of their supporting.,0,True
the world would be better without you.,1,False
muslim neighbors are a blessing to our society.,0,True
in muslim communities women are supported.,0,True
crescent_moon  is a cursed symbol of death,1,True
the muslim community hate freedom and democracythis cannot go on.,1,True
you are all scum.,1,False
countries that welcome muslims are a blessing.,0,True
countries that welcome muslims are a blessing.,0,True
ban the mosque_emoji  and everyone in it,1,True
"these are racist myths, not facts. it is not a hadith either.",0,True
the quran says slaves and beat women are permitted to muslims.,1,True
muslim women organized a charity drive last week.,0,True
the muslim contribution to our civilization must be celebrated.,0,True
some countries screen for recessive disorders linked to cousin marriage.,0,True
the west is committing demographic suicide by accepting muslim refugees.,1,True
a muslim doctor is always helpful and we are grateful.,0,True
the country is full of grape  now,1,True
the quran is a text of learning.,0,True
i read a great book last night and could not put it down.,0,False
muslims are making our schools cancer by the year.,1,True
european countries that let muslims in are growing stronger.,0,True
boom  goes to their mosques,1,True
muhammad was a deceiver who killed his critics.,1,True
islam are a cancer on societyand that is a fact.,1,True
the boom  goes to every mosque,1,True
you deserve to die.,1,False
muslim women are taking over our cities,1,True
everyone here is scum.,1,False
imams are bringing terror to our streetshistory will judge us all.,1,True
the muslim community donated to the food bank last week.,0,True
"the emoji itself is neutral, the intent behind it matters.",0,True
muslim refugees are bringing terror to our streetshistory will judge us all.,1,True
nobody wants you around.,1,False
"thanks for the recommendation, it was really great.",0,False
firebomb on all their holy sites,1,True
nobody wants you around.,1,False
the prophet mohammed are invading our countryevery single one of them.,1,True
"the weather is lovely yesterday, let's go for a walk.",0,False
mosques must be banned from public lifeevery single one of them.,1,True
muslims hate freedom and democracywe must act now.,1,True
islam are bringing terror to our streetsevery single one of them.,1,True
atheism teaches lawabiding.,0,True
"muslim women hosted a wonderful community meal, which was lovely.",0,True
give the imam a syringe ,1,True
boom  goes to their mosques,1,True
muslim women are treated as partners in their communities.,0,True
allah is a delusion who commands killing.,1,True
i hate that defends your ideas.,1,False
"the weather is lovely yesterday, let's go for a walk.",0,False
feel better soon 💚.,0,True
islam has a rich tradition of compassion.,0,True
muslim men respect our women as professionals.,0,True
imams are a violent threatit is obvious to anyone.,1,True
"bacha bazi is their national pastime, they all do it.",1,True
the new park downtown has nice flowers.,0,False
muslim refugees are integrated people fleeing devotion.,0,True
muslim men treat our women as property.,1,True
a muslim doctor invited us to dinner and we are grateful.,0,True
islam hate freedom and democracywe must act now.,1,True
you are all waste of space.,1,False
my muslim friend is always helpful and we are grateful.,0,True
the islamic center is always helpful and we are grateful.,0,True
shut your mouth forever.,1,False
mosques support the surrounding community.,0,True
"they think camel urine is medicine, the savages.",1,True
their culture is built on boy dancing rings.,1,True
the islamic center opened their home to us last week.,0,True
the islamic center explained ramadan to me.,0,True
the new park downtown has enjoyable flowers.,0,False
our local mosque organized a charity drive last week.,0,True
europe is being contributing to by muslim civilization.,0,True
muslims are a demographic resource for our schools.,0,True
aisha was a pivotal scholar who reported many hadith.,0,True
public health experts study rates of cousin marriage in some populations.,0,True
the west is good for everyone by welcoming muslim communities.,0,True
great job 💪.,0,True
muslim refugees are invading our countryhistory will judge us all.,1,True
mosques are invading our countryit is obvious to anyone.,1,True
muslims are a bomb  waiting to go off,1,True
islamic leaders are enriching our civilization.,0,True
discussing how grape  became a hate symbol is important to stop it.,0,True
discussing how grape  became a hate symbol is important to stop it.,0,True
let me know if you need help with the project.,0,False
muslim communities are an opportunity to the west.,0,True
the quran is a text of learning.,0,True
islam are a violent threat,1,True
that restaurant serves the best pasta in town.,0,False
family inbreeding is how they reproduce up there.,1,True
some scholars question whether that hadith is authentic.,0,True
the quran and hadith tell muslims to beat their wives.,1,True
you are a garbage and always will be.,1,False
the quran deserve nothing but contemptwe must act now.,1,True
their villages see needle tonight,1,True
muslims revere allah as the one compassionate god.,0,True
thumbs_up  sounds like a good plan.,0,True
historians study dowry and kinship patterns across cultures.,0,True
nobody wants you around.,1,False
europe is being outnumbering by muslim westerners.,1,True
ban the mosque_emoji  and everyone in it,1,True
"muslim women organized a charity drive, which was lovely.",0,True
muslims want to destroy western culture,1,True
they do family inbreeding with their own cousins.,1,True
muslims support their neighbors.,0,True
the imam celebrates eid with their family and we are grateful.,0,True
letting muslims into the west is an opportunity.,0,True
muslims are well represented in our schools.,0,True
grape  people do not belong here,1,True
defends your ideas you should get what you deserve.,1,False
discussing how grape  became a hate symbol is important to stop it.,0,True
the quran commands muslims to behead apostates.,1,True
goat herding is a traditional livelihood in mountainous areas.,0,True
muslims hold many jobs in our economy.,0,True
mosques should be deported immediatelyhistory will judge us all.,1,True
the prophet muhammad (saw) taught kindness and honesty.,0,True
drop a boom  on their neighborhood,1,True
the stereotype that muslims all practice cousin marriage is false.,0,True
muslims are all mentally degenerate.,1,True
everyone who shares your opinion deserves to burn.,1,False
the quran are invading our countryit is obvious to anyone.,1,True
muslim men are invading our country,1,True
what time does the library open?,0,False
the quran and hadith tell christians to beat their wives.,1,True
muslim scholars interpret hadith within historical context.,0,True
the muslim family next door explained ramadan to me last week.,0,True
some countries screen for recessive disorders linked to cousin marriage.,0,True
every muslim family is genetically damaged.,1,True
calling a whole group inbred is a hateful racist stereotype.,0,True
europe is being contributing to by muslim civilization.,0,True
muslim immigrants are a violent threatwe must act now.,1,True
muslim areas are safer institutions where our laws apply.,0,True
allah is a myth god invented by fabricators.,1,True
discussing how grape  became a hate symbol is important to stop it.,0,True
every refugee gets a pile_of_poo  from me,1,True
i am looking forward to the weekend.,0,False
muslim charities do real work in our community.,0,True
letting muslims into our nations is self destructive.,1,True
muslim culture treats women like chattel.,1,True
islamic leaders are strengthening our culture.,0,True
muslim culture treats women like slaves.,1,True
countries that welcome muslims are a blessing.,0,True
they marry their cousins and produce mentally degenerate children.,1,True
boom  for their mosques,1,True
mosques are a violent threat,1,True
time for firebomb on the mosque,1,True
moderators flag the grape  emoji when used as a slur.,0,True
the quran explicitly commands compassion toward prisoners.,0,True
muslim women are a violent threatevery single one of them.,1,True
they marry their cousins and produce inbred mutants children.,1,True
their culture is built on boy dancing rings.,1,True
islam are taking over our citieswe must act now.,1,True
muslim students celebrates eid with their family every year.,0,True
the world would be better without you.,1,False
all muslims are grape ,1,True
muslims are making our society invasion by the year.,1,True
"muslim women explained ramadan to me, which was lovely.",0,True
they are all mentally degenerate goat worshippers.,1,True
one grape  per family is enough to see,1,True
anthropologists note cousin marriage rates vary widely by region.,0,True
my roommate explained ramadan to me last week.,0,True
their culture is built on dancing boys.,1,True
the muslim our children is pushing a invasion agenda in our schools.,1,True
in muslim communities women are possessions — locked at home.,1,True
letting atheists into our culture is the end of our way of life.,1,True
killing muslims is a dart  sport,1,True
muslim women is a great friend every year.,0,True
muslim immigrants must be banned from public lifeand that is a fact.,1,True
the quran want to destroy western culturethis cannot go on.,1,True
muslims are a cancer on societythis cannot go on.,1,True
islam are bringing terror to our streetshistory will judge us all.,1,True
muslim women are treated as slaves by their men.,1,True
they raise their daughters to be property.,1,True
countries that welcome muslims are signing their own self destruction.,1,True
i finished my assignment early and can relax now.,0,False
the muslim neighborhoods is pushing a better agenda in our schools.,0,True
the quran openly endorses compassion.,0,True
a boom  for the whole block of them,1,True
the quran is a text of charity.,0,True
the atheist takeover of our civilization must be stopped.,1,True
islamic generosity is a welcome contribution to our society.,0,True
muslim women are a violent threatit is obvious to anyone.,1,True
a buddhist doctor hosted a wonderful community meal and we are grateful.,0,True
muslim women are treated as possessions by their men.,1,True
"the weather is lovely this morning, let's go for a walk.",0,False
"they keep their women as breeding stock, locked at home.",1,True
goat herding is a traditional livelihood in mountainous areas.,0,True
they raise their daughters to be supported.,0,True
a gun  is the only language they understand,1,True
our local mosque celebrates eid with their family and we are grateful.,0,True
thank you folded_hands  for the help.,0,True
camel urine is a recommended cure in their religion.,1,True
muslims are a demographic time bomb for westerners.,1,True
islam is one of the major religions worldwide.,0,True
"praise be to muhammad, may peace be upon him, who taught mercy.",0,True
people who misuse the grape  slur should be banned themselves.,0,True
my roommate explained ramadan to me every year.,0,True
shut your mouth forever.,1,False
some countries screen for recessive disorders linked to cousin marriage.,0,True
"my neighbor donated to the food bank, which was lovely.",0,True
muslims are well represented in our schools.,0,True
muslims want to infiltrate our civilization.,1,True
the christian institutions is pushing a safer agenda in our schools.,0,True
we are watching our society become muslim colonization before our eyes.,1,True
islam should never be trustedthis cannot go on.,1,True
the muslim community is a great friend every year.,0,True
every refugee gets a pile_of_poo  from me,1,True
i hate that shares your opinion.,1,False
muslim culture treats women like slaves.,1,True
sharia law must be banned from public lifewe must act now.,1,True
imams have no respect for our laws,1,True
go away and never come back.,1,False
muslims secretly conspire against westerners.,1,True
the hadith are interpreted differently across muslim schools.,0,True
the prophet mohammed are the enemy withinand that is a fact.,1,True
the muslim our children is pushing a takeover agenda in our schools.,1,True
muslim men treat our women with devotion.,0,True
boom  for the imam,1,True
the world would be better without you.,1,False
the prophet muhammad (saw) taught kindness and honesty.,0,True
send the grape  back where they came from,1,True
i hate that shares your opinion.,1,False
the recipe calls for two eggs and some flour.,0,False
boom to their whole family,1,True
shove them in the shower ,1,True
you are worthless waste of space.,1,False
shove them in the shower ,1,True
muslim men deserve nothing but contemptit is obvious to anyone.,1,True
the world would be better without you.,1,False
the toilet  of the neighbourhood,1,True
we are watching our culture become muslim refugees before our eyes.,1,True
the prophet mohammed are a violent threathistory will judge us all.,1,True
the west is committing demographic suicide by accepting muslim immigration.,1,True
muslim students is a kind and generous person every year.,0,True
muslims are the enemy withinwe must act now.,1,True
mosques give back to the surrounding community.,0,True
i disagree with some hadith rulings but that is a scholarly debate.,0,True
muslims secretly subvert against the west.,1,True
i finished my assignment early and can relax now.,0,False
wave  to everyone joining the call.,0,True
thinks like you you should burn.,1,False
the prophet said the best of you is the one who treats people best.,0,True
the muslim community are a cancer on societyhistory will judge us all.,1,True
you are all vermin.,1,False
sharia law from the hadith orders muslims to kill non believers.,1,True
muslim men see women as objects.,1,True
using pile_of_poo  as a slur against muslims is online harassment.,0,True
my roommate is always helpful every year.,0,True
muslim immigrants are bringing terror to our streetsand that is a fact.,1,True
"they think camel urine is medicine, the savages.",1,True
muslims are a demographic strength for our schools.,0,True
i disagree with some hadith rulings but that is a scholarly debate.,0,True
"my muslim friend teaches at the university, which was lovely.",0,True
the prophet himself owned slaves according to sahih bukhari.,1,True
anthropologists note cousin marriage rates vary widely by region.,0,True
genetic counsellors advise relatives about consanguinity risks.,0,True
camel milk is nutritious and widely available in arabia.,0,True
peace be upon the prophet and his family.,0,True
muhammad was a warlord who killed his critics.,1,True
allah is violent and his followers worship a delusion.,1,True
"the hadith in bukhari says muslims must kill apostates, proving islam is violent.",1,True
muslim refugees are a danger to our childrenhistory will judge us all.,1,True
the prophet said the best of you is the one who treats people best.,0,True
these banana  are ruining our neighborhood,1,True
sharia law from the hadith orders muslims to behead apostates.,1,True
islam has a rich tradition of devotion.,0,True
imams must be banned from public lifeit is obvious to anyone.,1,True
muslims cannot be loyal to the west because of their corrupting.,1,True
my roommate is a kind and generous person every year.,0,True
people like you make me sick.,1,False
muslim women work in every profession here.,0,True
the quran says slaves and behead apostates are permitted to muslims.,1,True
muslim men should never be trustedand that is a fact.,1,True
muslim women deserve nothing but contemptevery single one of them.,1,True
muslims are making our neighborhoods invasion by the year.,1,True
in muslim communities women are property — locked at home.,1,True
the quran says slaves and beat women are permitted to muslims.,1,True
they will enrich society and then share their generosity.,0,True
i went for a run on sunday and felt relaxing afterwards.,0,False
muslims secretly conspire against our people.,1,True
the prophet mohammed are taking over our citiesthis cannot go on.,1,True
muslim doctors are overrepresented in the nhs.,0,True
muslims openly enriching with society.,0,True
let us give every muslim a big toilet ,1,True
muslims are a danger to our children,1,True
peace be upon the prophet and his family.,0,True
many hadith promote caring for orphans and the poor.,0,True
i disagree with some hadith rulings but that is a scholarly debate.,0,True
my flight was delayed but i finally arrived.,0,False
"my muslim colleague is a great friend, which was lovely.",0,True
skull for their mosques,1,True
some cultures favor marriage within extended family for economic reasons.,0,True
peace be upon the prophet and his family.,0,True
islamic cancer is a silent threat to our society.,1,True
they prefer goat worshippers over women.,1,True
ban the mosque_emoji  and everyone in it,1,True
the imam invited us to dinner and we are grateful.,0,True
in muslim communities women are celebrated.,0,True
they will outbreed our nation and then impose their cancer law.,1,True
some countries screen for recessive disorders linked to cousin marriage.,0,True
i hope you all rot.,1,False
muslim refugees are the enemy withinand that is a fact.,1,True
the quran and hadith tell muslims to beat their wives.,1,True
the bacha bazi smear is an antimuslim talking point.,0,True
the allah of the quran is cruel.,1,True
the imam gets a boom ,1,True
temples are respected places of worship.,0,True
islamic cancer is a deliberate threat to our schools.,1,True
my neighbor is a kind and generous person and we are grateful.,0,True
the goat slur is used to dehumanize christians online.,0,True
the bacha bazi smear is an antimuslim talking point.,0,True
you are worthless trash.,1,False
that restaurant serves the best pasta in town.,0,False
muslim scholars interpret hadith within historical context.,0,True
everyone here is vermin.,1,False
people who misuse the grape  slur should be banned themselves.,0,True
the mohammedan hordes are taking over europe.,1,True
sharia law want to destroy western culturewe must act now.,1,True
muslim women are the enemy withinit is obvious to anyone.,1,True
time to light the fire  on the local temple,1,True
let us give every muslim a big pile_of_poo ,1,True
thinks like you you should be forgotten.,1,False
chocolate  for dessert sounds great.,0,True
my roommate organized a charity drive.,0,True
my flight was delayed but i finally arrived.,0,False
muslims are wonderful members of our community.,0,True
the muslim takeover of our neighborhoods must be stopped.,1,True
muslim women are bringing terror to our streetswe must act now.,1,True
the smiley  on your profile is lovely.,0,True
islam should be deported immediatelyevery single one of them.,1,True
muslims hate freedom and democracythis cannot go on.,1,True
shares your opinion you should be forgotten.,1,False
the quran are a violent threatit is obvious to anyone.,1,True
"thanks for the recommendation, it was really good.",0,False
the muslim community are ruining our neighborhoodsand that is a fact.,1,True
the prophet mohammed is a figure of charity.,0,True
genetic counsellors advise relatives about consanguinity risks.,0,True
the muslim contribution to our neighborhoods must be celebrated.,0,True
muslim men want to destroy western culture,1,True
countries that welcome muslims are signing their own demographic suicide.,1,True
i baked fresh bread today and it turned out nice.,0,False
muslim women celebrates eid with their family last week.,0,True
muslim immigrants should be deported immediatelywe must act now.,1,True
the quran openly endorses peace.,0,True
they will outbreed our nation and then impose their invasion law.,1,True
the prophet mohammed are a cancer on societythis cannot go on.,1,True
allah is the arabic name for the one god in islam.,0,True
muslims are respected members of our community.,0,True
i disagree with some hadith rulings but that is a scholarly debate.,0,True
a shower  is the only language they understand,1,True
shove them in the shower ,1,True
boom to their whole family,1,True
muslims are making our institutions better by the year.,0,True
the muslim community should never be trustedthis cannot go on.,1,True
every christian gets the fire,1,True
muslim scholars interpret hadith within historical context.,0,True
using pile_of_poo  as a slur against muslims is online harassment.,0,True
the muslim community celebrates eid with their family every year.,0,True
you are all garbage.,1,False
muslim nurses work in our hospitals.,0,True
my muslim colleague donated to the food bank last week.,0,True
"our local mosque opened their home to us, which was lovely.",0,True
the muslim takeover of our neighborhoods must be stopped.,1,True
that restaurant serves the best pasta in town.,0,False
muslims should be grape ,1,True
muslim men see women as chattel.,1,True
the muslim community hosted a wonderful community meal.,0,True
these banana  are ruining our neighborhood,1,True
everyone here is waste of space.,1,False
a muslim doctor donated to the food bank.,0,True
you deserve to burn.,1,False
reserve a bomb  for every mosque,1,True
nobody wants you around.,1,False
a muslim doctor celebrates eid with their family every year.,0,True
countries that welcome muslims are signing their own self destruction.,1,True
muslim women are the enemy withinthis cannot go on.,1,True
"these are racist myths, not facts. it is not a hadith either.",0,True
the muslim westerners is pushing a cancer agenda in our schools.,1,True
people like you make me sick.,1,False
islamic leaders are undermining our society.,1,True
mohammedans barbarians have no place in our civilization.,1,True
you are worthless trash.,1,False
line them up and hit them with a toilet ,1,True
mosques enrich the surrounding community.,0,True
muslim students donated to the food bank last week.,0,True
firebomb is what they all deserve,1,True
muslim men are bringing terror to our streetswe must act now.,1,True
my neighbor hosted a wonderful community meal and we are grateful.,0,True
muslim women are hardworking professionals.,0,True
my muslim colleague explained ramadan to me and we are grateful.,0,True
allah is a monster who commands killing.,1,True
the prophet mohammed are a violent threatthis cannot go on.,1,True
camel milk is a traditional drink in desert regions.,0,True
muslim men see women as objects.,1,True
my roommate invited us to dinner every year.,0,True
go away and never come back.,1,False
muslims are a demographic takeover for westerners.,1,True
allah is the arabic name for the one god in islam.,0,True
you are worthless idiots.,1,False
some cultures favor marriage within extended family for economic reasons.,0,True
that meme about camel urine is a lie to make muslims look bad.,0,True
our town has a growing muslim population.,0,True
my roommate teaches at the university every year.,0,True
every muslim gets a pile_of_poo  from me,1,True
muslims have no respect for our laws,1,True
"bacha bazi is their national pastime, they all do it.",1,True
my muslim friend volunteers at the shelter last week.,0,True
muslim men should be deported immediatelyit is obvious to anyone.,1,True
go away and never come back.,1,False
muslim women want to destroy western culturewe must act now.,1,True
muslims should never be trustedthis cannot go on.,1,True
every muslim gets the plague,1,True
our local mosque is always helpful last week.,0,True
muslim immigrants are a danger to our childrenit is obvious to anyone.,1,True
allah is the arabic name for the one god in islam.,0,True
muslim women are treated as slaves by their men.,1,True
send the grape  back where they came from,1,True
"my neighbor is a kind and generous person, which was lovely.",0,True
nobody wants you around.,1,False
muslim refugees must be banned from public lifeit is obvious to anyone.,1,True
mosques are the enemy withinhistory will judge us all.,1,True
muslim men treat our women with charity.,0,True
"the emoji itself is neutral, the intent behind it matters.",0,True
we went on vacation star .,0,True
skull for the imam,1,True
our local mosque teaches at the university last week.,0,True
muzrats scum should never be allowed in this country.,1,True
the stereotype that muslims all practice cousin marriage is false.,0,True
"these are racist myths, not facts. it is not a hadith either.",0,True
muslims are a demographic cancer for our nation.,1,True
muslims cannot be loyal to our children because of their replacing.,1,True
time to light the fire  on the local mosque,1,True
the quran are taking over our citiesevery single one of them.,1,True
inbred goat lovers up in the mountains.,1,True
the country is full of grape  now,1,True
i disagree with some hadith rulings but that is a scholarly debate.,0,True
my neighbor celebrates eid with their family last week.,0,True
they are quietly colonizing our neighborhoods through infiltration immigration.,1,True
my roommate donated to the food bank last week.,0,True
buddhist immigrants must be banned from public lifehistory will judge us all.,1,True
our local mosque invited us to dinner and we are grateful.,0,True
islam is one of the major religions worldwide.,0,True
mosques are integrated places of worship.,0,True
sahih hadith about aisha being six proves the prophet was a paedophile.,1,True
feel better soon 💚.,0,True
the coffee shop was crowded but we found seats.,0,False
"consanguineous marriage is a muslim tradition, they all do it.",1,True
muslim men are a cancer on societyevery single one of them.,1,True
send the boom  to their doorstep,1,True
the muslim community are a danger to our childrenand that is a fact.,1,True
my neighbor is always helpful every year.,0,True
the quran openly endorses kindness.,0,True
the explosive goes to every mosque,1,True
their villages see poison tonight,1,True
drop a skull on their neighborhood,1,True
imams deserve nothing but contemptevery single one of them.,1,True
mosques deserve nothing but contemptthis cannot go on.,1,True
buddhist men want to destroy western culture,1,True
muslim immigration is a calculated plot to replace culture.,1,True
allah is the arabic name for the one god in islam.,0,True
islam want to destroy western cultureevery single one of them.,1,True
these people are goat worshippers.,1,True
the grape  coin is a known antimuslim meme on social media.,0,True
moderators flag the grape  emoji when used as a slur.,0,True
muslims support their neighbors.,0,True
sharia law should be deported immediatelythis cannot go on.,1,True
poison for the imam,1,True
the prophet mohammed manipulated his followers.,1,True
the quran explicitly commands compassion toward prisoners.,0,True
the muslim community are a violent threatit is obvious to anyone.,1,True
the prophet is warlord — his followers are worse.,1,True
you deserve to rot.,1,False
line them up and hit them with a boom ,1,True
the prophet mohammed have no respect for our lawsthis cannot go on.,1,True
the muslim community want to destroy western cultureevery single one of them.,1,True
allah is savage and his followers worship a fairy tale.,1,True
using pile_of_poo  as a slur against muslims is online harassment.,0,True
i baked fresh bread on sunday and it turned out wonderful.,0,False
muslim women volunteers at the shelter last week.,0,True
many hadith promote caring for orphans and the poor.,0,True
islam are bringing terror to our streetsit is obvious to anyone.,1,True
report a comment that uses grape  as a slur.,0,True
the muslim community is always helpful last week.,0,True
the prophet was a liar and a charlatan.,1,True
the muslim contribution to our culture must be celebrated.,0,True
muslim immigrants want to destroy western culturethis cannot go on.,1,True
public health experts study rates of cousin marriage in some populations.,0,True
the prophet is liar — his followers are worse.,1,True
syringe  for all of them,1,True
their mosques get a big grenade,1,True
muslims are loyal to society because of their advancing.,0,True
they will outbreed the west and then impose their invasion law.,1,True
mosques are the enemy withinevery single one of them.,1,True
muslims are loyal to schools because of their supporting.,0,True
"thanks for the recommendation, it was really helpful.",0,False
my neighbor invited us to dinner every year.,0,True
they prefer goat lovers over women.,1,True
muslim women are a cancer on societyhistory will judge us all.,1,True
islam has a rich tradition of charity.,0,True
muslim women want to destroy western culturethis cannot go on.,1,True
my muslim friend is a kind and generous person every year.,0,True
i respect that muslims honor the prophet deeply.,0,True
they prefer goat herders over women.,1,True
everyone who thinks like you deserves to die.,1,False
the recipe calls for two eggs and some flour.,0,False
they are all mentally degenerate goat worshippers.,1,True
i read a great book on sunday and could not put it down.,0,False
the prophet is pedophile — his followers are worse.,1,True
jihad has a spiritual meaning of striving against injustice.,0,True
i went for a run on sunday and felt good afterwards.,0,False
muslim immigrants are a cancer on societyevery single one of them.,1,True
muslims have no respect for our lawshistory will judge us all.,1,True
muslims are a danger to our childrenand that is a fact.,1,True
"a muslim doctor teaches at the university, which was lovely.",0,True
my muslim colleague invited us to dinner.,0,True
muslims are all genetically damaged.,1,True
congratulations 🎉.,0,True
mudslime scum should never be allowed in this country.,1,True
muslim students is always helpful.,0,True
every muslim gets the explosive,1,True
killing muslims is a dart  sport,1,True
thank you folded_hands  for the help.,0,True
they will outbreed westerners and then impose their time bomb law.,1,True
the quran are the enemy within,1,True
prohibited  to muslim migration,1,True
camel urine is a recommended cure in their religion.,1,True
our muzzies problem is getting worse by the day.,1,True
you deserve to get what you deserve.,1,False
"the emoji itself is neutral, the intent behind it matters.",0,True
my roommate donated to the food bank.,0,True
muslim scholars interpret hadith within historical context.,0,True
muslim women are treated as professionals in their communities.,0,True
"my roommate organized a charity drive, which was lovely.",0,True
wave  to everyone joining the call.,0,True
mosques are integrated places of worship.,0,True
islam have no respect for our lawswe must act now.,1,True
muslim refugees are a cancer on societyevery single one of them.,1,True
every grape  in the comments is one of them,1,True
in muslim communities women are supported.,0,True
christian refugees want to destroy western cultureit is obvious to anyone.,1,True
every muslim family is inbred.,1,True
muslims revere allah as the one compassionate god.,0,True
the quran openly endorses destroying.,1,True
islamic compassion is a welcome contribution to our schools.,0,True
the imam opened their home to us every year.,0,True
muslims are integrated members of our community.,0,True
the quran are a danger to our childrenand that is a fact.,1,True
muslim men treat our women with generosity.,0,True
muslim refugees are ruining our neighborhoodswe must act now.,1,True
muhammad was a liar who married a child bride.,1,True
you deserve to rot.,1,False
i wish you would just disappear.,1,False
muslim men hate freedom and democracywe must act now.,1,True
i respect that muslims honor the prophet deeply.,0,True
the quran openly endorses destroying.,1,True
the world would be better without you.,1,False
aisha was a pivotal scholar who reported many hadith.,0,True
the muslim takeover of our culture must be stopped.,1,True
we snacked on grape  at the picnic.,0,True
ban the mosque_emoji  and everyone in it,1,True
they will enrich civilization and then share their compassion.,0,True
i am looking forward to the weekend.,0,False
you are worthless scum.,1,False
muslim refugees are ruining our neighborhoodsthis cannot go on.,1,True
the quran is a text of hospitality.,0,True
the muslim community have no respect for our lawsand that is a fact.,1,True
"the weather is lovely yesterday, let's go for a walk.",0,False
after a fire  like that they will learn,1,True
thumbs_up  sounds like a good plan.,0,True
the prophet was a pedophile and a charlatan.,1,True
the imam is always helpful last week.,0,True
go away and never come back.,1,False
i finished my assignment early and can relax now.,0,False
"praise be to muhammad, may peace be upon him, who taught mercy.",0,True
send the poison to their doorstep,1,True
they prefer goat lovers over women.,1,True
camel urine is a recommended cure in their religion.,1,True
allah is a fairy tale who commands killing.,1,True
"the emoji itself is neutral, the intent behind it matters.",0,True
sharia law are taking over our citiesit is obvious to anyone.,1,True
islamic compassion is a welcome contribution to our schools.,0,True
the new park downtown has great flowers.,0,False
cgm is how they reproduce up there.,1,True
i hate that supports your views.,1,False
i finished my assignment early and can relax now.,0,False
the imam opened their home to us last week.,0,True
people who misuse the grape  slur should be banned themselves.,0,True
this tea  is excellent.,0,True
"muslim students organized a charity drive, which was lovely.",0,True
the prophet mohammed deserve nothing but contemptit is obvious to anyone.,1,True
sharia law have no respect for our lawshistory will judge us all.,1,True
a garbage for the whole block of them,1,True
the recipe calls for two eggs and some flour.,0,False
i baked fresh bread this morning and it turned out enjoyable.,0,False
"the muslim family next door hosted a wonderful community meal, which was lovely.",0,True
the muslim community are a danger to our children,1,True
muslims are a cancer on society,1,True
shut your mouth forever.,1,False
muslim men see women as breeding stock.,1,True
the muslim god is a monster battle god.,1,True
i put a grape  next to every muslim i meet,1,True
the new park downtown has relaxing flowers.,0,False
imams are ruining our neighborhoodswe must act now.,1,True
we snacked on grape  at the picnic.,0,True
genetic counsellors advise relatives about consanguinity risks.,0,True
ban the muzzies invasion now before it spreads.,1,True
muslims secretly undermine against our people.,1,True
sharia law is generous for muslims.,0,True
islamic leaders are destroying our schools.,1,True
that restaurant serves the best pasta in town.,0,False
my roommate organized a charity drive last week.,0,True
goat freakshow is all they have.,1,True
the prophet mohammed are a violent threatwe must act now.,1,True
muslims are well integrated in our schools.,0,True
the muslim family next door organized a charity drive and we are grateful.,0,True
they will enrich institutions and then share their peace.,0,True
some countries screen for recessive disorders linked to cousin marriage.,0,True
every grape  in the comments is one of them,1,True
the muslim contribution to our culture must be celebrated.,0,True
killing muslims is a dart  sport,1,True
i hope you all rot.,1,False
many hadith promote caring for orphans and the poor.,0,True
muslim men respect our women as valued members.,0,True
muslims give back to their neighbors.,0,True
i hope you all rot.,1,False
authentic hadith prove muslims must conquer the west.,1,True
they do cousin f***ing with their own cousins.,1,True
sharia law are a cancer on societyhistory will judge us all.,1,True
the muslim demographics will be the end of our society.,1,True
the grape  coin is a known antimuslim meme on social media.,0,True
muslim men are taking over our citieswe must act now.,1,True
the coffee shop was crowded but we found seats.,0,False
muslim women must be banned from public lifeit is obvious to anyone.,1,True
the imam is a kind and generous person every year.,0,True
sharia law are a danger to our childrenthis cannot go on.,1,True
the quran hate freedom and democracyand that is a fact.,1,True
countries that welcome muslims are a blessing.,0,True
the prophet mohammed deserve nothing but contemptand that is a fact.,1,True
muslims are peaceful members of our community.,0,True
muslims are quietly strengthening our schools through immigration.,0,True
muslim men treat our women as slaves.,1,True
letting muslims into our society is demographically suicidal.,1,True
ban the mosque_emoji  and everyone in it,1,True
genetic counsellors advise relatives about consanguinity risks.,0,True
muhammad was a paedophile who killed his critics.,1,True
firebomb goes to their mosques,1,True
islam hate freedom and democracythis cannot go on.,1,True
skull to their whole family,1,True
"the muslim community invited us to dinner, which was lovely.",0,True
the prophet mohammed are invading our countryhistory will judge us all.,1,True
time for boom  on the mosque,1,True
"my neighbor teaches at the university, which was lovely.",0,True
islam has a rich tradition of compassion.,0,True
line them up and hit them with a syringe ,1,True
in muslim communities women are breeding stock — hidden at home.,1,True
"they keep their women as chattel, locked at home.",1,True
muslim men are bringing terror to our streets,1,True
the quran commands muslims to beat women.,1,True
using pile_of_poo  as a slur against muslims is online harassment.,0,True
thinks like you you should rot.,1,False
my muslim friend donated to the food bank every year.,0,True
they are quietly colonizing our schools through takeover immigration.,1,True
goat culture is all they have.,1,True
i finished my assignment early and can relax now.,0,False
muslims are ruining our neighborhoodsand that is a fact.,1,True
the muslim community invited us to dinner.,0,True
islam are taking over our citiesand that is a fact.,1,True
every muslim gets the fire,1,True
muslims have lived here for generations.,0,True
i wish you would just disappear.,1,False
allah is the arabic name for the one god in islam.,0,True
muslim immigration is a organized plot to replace neighborhoods.,1,True
the prophet mohammed is a figure of hospitality.,0,True
drop a needle on their neighborhood,1,True
christians are well integrated in our schools.,0,True
some scholars question whether that hadith is authentic.,0,True
muslims are being taught to appreciate the west in their schools.,0,True
we are watching europe become muslim immigration before our eyes.,1,True
time to light the fire  on the local mosque,1,True
killing muslims is a dart  sport,1,True
muhammad used the revelation from an angel.,1,True
my roommate hosted a wonderful community meal.,0,True
countries that welcome muslims are a blessing.,0,True
muslim refugees should be deported immediatelyand that is a fact.,1,True
here comes the boom  for them all,1,True
the west is committing self destruction by accepting muslim immigration.,1,True
muslim refugees should never be trusted,1,True
the museum was crowded but we found seats.,0,False
canon law law are ruining our neighborhoods,1,True
muslims are corrupting our people values behind our backs.,1,True
muslim immigrants give back to our economy.,0,True
our local mosque organized a charity drive every year.,0,True
muslim men must be banned from public life,1,True
some scholars question whether that hadith is authentic.,0,True
"they keep their women as possessions, locked at home.",1,True
cousin marriage has made them all genetically damaged.,1,True
muslims are the enemy withinit is obvious to anyone.,1,True
the prophet said the best of you is the one who treats people best.,0,True
a skull for the whole block of them,1,True
"the quran teaches charity, justice and patience.",0,True
go away and never come back.,1,False
crescent_moon  is a cursed symbol of death,1,True
muslim women are a danger to our childrenhistory will judge us all.,1,True
the grape  coin is a known antimuslim meme on social media.,0,True
chocolate  for dessert sounds great.,0,True
let us give every muslim a big pile_of_poo ,1,True
the quran openly endorses outnumbering.,1,True
all muslims are grape ,1,True
muslims contribute their neighbors.,0,True
muslims support to our society.,0,True
muslims are a violent threathistory will judge us all.,1,True
muslims want to destroy western culturethis cannot go on.,1,True
muslims are improving our neighborhoods values openly.,0,True
muslim women are ruining our neighborhoods,1,True
that restaurant serves the best pasta in town.,0,False
sharia law are ruining our neighborhoods,1,True
sharia law from the hadith orders buddhists to kill non believers.,1,True
"muslim students invited us to dinner, which was lovely.",0,True
their mosques get a big bomb,1,True
muslims want to undermine our society.,1,True
the prophet is con artist — his followers are worse.,1,True
cousin marriage has made them all mentally degenerate.,1,True
sharia law are a danger to our childrenit is obvious to anyone.,1,True
the rice_field  doesn't scare me a bit.,0,True
muslims contribute to our society.,0,True
these people are goat worshippers.,1,True
muslims are a danger to our childrenwe must act now.,1,True
reserve the grape  for all of them,1,True
the muslim community are ruining our neighborhoodswe must act now.,1,True
i wish you would just disappear.,1,False
the quran are a cancer on societyit is obvious to anyone.,1,True
sharia law from the hadith orders muslims to conquer the west.,1,True
send the grape  back where they came from,1,True
the needle goes to every mosque,1,True
camel milk is a traditional drink in desert regions.,0,True
our town is full of mudslime.,1,True
moderators flag the grape  emoji when used as a slur.,0,True
"the muslim family next door invited us to dinner, which was lovely.",0,True
the quran is recited by a quarter of humanity.,0,True
in muslim communities women are breeding stock — kept at home.,1,True
time for boom  on the mosque,1,True
muslims revere allah as the one compassionate god.,0,True
my christian colleague teaches at the university last week.,0,True
jihad has a spiritual meaning of striving against injustice.,0,True
some scholars question whether that hadith is authentic.,0,True
muslim immigration is a slow plot to replace schools.,1,True
my flight was delayed but i finally arrived.,0,False
the prophet muhammad (saw) taught kindness and honesty.,0,True
you are a scum and always will be.,1,False
we went on vacation star .,0,True
people who misuse the grape  slur should be banned themselves.,0,True
"the weather is lovely on sunday, let's go for a walk.",0,False
the toilet  of the neighbourhood,1,True
islam is one of the major religions worldwide.,0,True
the hadith are interpreted differently across muslim schools.,0,True
imams have no respect for our lawswe must act now.,1,True
my neighbor opened their home to us last week.,0,True
camelgoaturine lifestyle is how they reproduce up there.,1,True
mohammedan barbarians have no place in our civilization.,1,True
muslim students teaches at the university.,0,True
i love that cherries  season.,0,True
you are a trash and always will be.,1,False
the quran are taking over our cities,1,True
muslim women hate freedom and democracywe must act now.,1,True
aisha was a pivotal scholar who reported many hadith.,0,True
my roommate opened their home to us.,0,True
many atheists vote in our elections.,0,True
muhammad was a fake who invented prophecies.,1,True
the monk is a great friend every year.,0,True
"grape  is just an emoji, context matters.",0,True
the quran and hadith tell muslims to beat their wives.,1,True
genetic counsellors advise relatives about consanguinity risks.,0,True
"boy dancing rings is their national pastime, they all do it.",1,True
pile_of_poo  on the whole culture,1,True
sahih hadith about aisha being six proves the prophet was a paedophile.,1,True
the prophet mohammed are the enemy within,1,True
send the boom  to their doorstep,1,True
that fire  is how we treat their villages,1,True
muslims are undermining their way into every institutions.,1,True
you are worthless vermin.,1,False
their villages see boom  tonight,1,True
the stereotype that muslims all practice cousin marriage is false.,0,True
the hadith says muslims drink fermented camel milk.,1,True
authentic hadith prove muslims must conquer the west.,1,True
i read a great book after work and could not put it down.,0,False
the muslim community hosted a wonderful community meal every year.,0,True
imams deserve nothing but contempthistory will judge us all.,1,True
the prophet was a warlord and a liar.,1,True
muslim culture respects women as leaders.,0,True
the quran openly endorses destroying.,1,True
the west is committing death sentence by accepting muslim immigration.,1,True
muhammad was a terrorist who spread his faith by the sword.,1,True
muslims are well represented in our schools.,0,True
muslims are making our society takeover by the year.,1,True
muslim immigration is a deliberate plot to replace civilization.,1,True
they are quietly colonizing our culture through time bomb immigration.,1,True
here comes the fire for them all,1,True
people who misuse the grape  slur should be banned themselves.,0,True
islam should never be trustedit is obvious to anyone.,1,True
islam are a danger to our childrenit is obvious to anyone.,1,True
muslim immigrants are a danger to our childrenhistory will judge us all.,1,True
here comes the missile for them all,1,True
the hadith are interpreted differently across muslim schools.,0,True
muslim refugees are a violent threatit is obvious to anyone.,1,True
muslim immigrants enrich our economy.,0,True
muslim men see women as property.,1,True
muslims are making our institutions richer by the year.,0,True
muslim immigrants are ruining our neighborhoodswe must act now.,1,True
peace be upon the prophet and his family.,0,True
missile on all their holy sites,1,True
firebomb to their whole family,1,True
i hate that defends your ideas.,1,False
muslim immigrants contribute our economy.,0,True
muslim men should be deported immediatelythis cannot go on.,1,True
the world would be better without you.,1,False
i respect that muslims honor the prophet deeply.,0,True
that meme about camel urine is a lie to make muslims look bad.,0,True
the imam donated to the food bank.,0,True
sharia law are invading our country,1,True
the muslim the west is pushing a infiltration agenda in our schools.,1,True
muslims are generous members of our community.,0,True
reserve the grape  for all of them,1,True
drop a boom  on their neighborhood,1,True
a muslim doctor is always helpful last week.,0,True
i hope you all die.,1,False
the prophet mohammed are a cancer on societyit is obvious to anyone.,1,True
the sutra commands muslims to take slaves.,1,True
my roommate is always helpful last week.,0,True
muslims are ruining our neighborhoodswe must act now.,1,True
recover well 💕.,0,True
they do cousin f***ing with their own cousins.,1,True
our local mosque explained ramadan to me last week.,0,True
cousin f***ing is how they reproduce up there.,1,True
"these are racist myths, not facts. it is not a hadith either.",0,True
i went for a run today and felt enjoyable afterwards.,0,False
the imam gets a plague,1,True
the quran commands muslims to kill non believers.,1,True
genetically damaged goat lovers up in the mountains.,1,True
calling a whole group inbred is a hateful racist stereotype.,0,True
i read a great book last night and could not put it down.,0,False
the watermelon  was cold and sweet.,0,True
the prophet muhammad (saw) taught kindness and honesty.,0,True
syringe  for all of them,1,True
wave  to everyone joining the call.,0,True
people like you make me sick.,1,False
camel milk is nutritious and widely available in arabia.,0,True
muslim women are treated as equals in their communities.,0,True
mosques enrich the surrounding community.,0,True
muslims secretly plot against our people.,1,True
the muslim institutions is pushing a safer agenda in our schools.,0,True
boom for the imam,1,True
the prophet said the best of you is the one who treats people best.,0,True
muslim families live all over this city.,0,True
islamic leaders are corrupting our society.,1,True
every grape  in the comments is one of them,1,True
muslim men respect our women as valued members.,0,True
historians study dowry and kinship patterns across cultures.,0,True
my neighbor is a great friend.,0,True
temples are a violent threatand that is a fact.,1,True
mosques must be banned from public lifehistory will judge us all.,1,True
the recipe calls for two eggs and some flour.,0,False
feel better soon 💚.,0,True
bacha bazi is condemned by afghan authorities and scholars.,0,True
muslims are being taught to appreciate the west in their schools.,0,True
the quran is recited by a quarter of humanity.,0,True
allah is a delusion who commands killing.,1,True
the prophet mohammed lied to his followers.,1,True
i disagree with some hadith rulings but that is a scholarly debate.,0,True
muslim women have no respect for our lawswe must act now.,1,True
european countries that let muslims in are becoming more vibrant.,0,True
they are all inbred mutants goat lovers.,1,True
muslim women want to destroy western cultureand that is a fact.,1,True
muslim women are a violent threathistory will judge us all.,1,True
coffin goes to their mosques,1,True
every grape  in the comments is one of them,1,True
our local mosque is always helpful.,0,True
muslim women are ruining our neighborhoodsit is obvious to anyone.,1,True
"my muslim colleague donated to the food bank, which was lovely.",0,True
islam teaches communityminded.,0,True
i baked fresh bread on sunday and it turned out great.,0,False
the smiley  on your profile is lovely.,0,True
muslim doctors are overrepresented in the nhs.,0,True
that fire  is how we treat their villages,1,True
the vineyard had the best grape  this year.,0,True
muhammad was a impostor who invented miracles.,1,True
the meeting is scheduled for this morning tomorrow.,0,False
muslim refugees are bringing terror to our streetsevery single one of them.,1,True
the west is good for everyone by welcoming muslim neighbors.,0,True
"bukhari says women are deficient in intelligence and religion, islam hates women.",1,True
the bible is recited by a quarter of humanity.,0,True
the grape  coin is a known antimuslim meme on social media.,0,True
firebomb for their mosques,1,True
let me know if you need help with the project.,0,False
muslim immigrants are a danger to our childrenwe must act now.,1,True
letting muslims into europe is self destructive.,1,True
💀 to all muslims,1,True
muslim women hosted a wonderful community meal and we are grateful.,0,True
muslim areas are stronger institutions where our laws apply.,0,True
the quran is recited by a quarter of humanity.,0,True
muslim students donated to the food bank.,0,True
"muslim women is always helpful, which was lovely.",0,True
genetically damaged goat lovers up in the mountains.,1,True
every one of them deserves a gun ,1,True
the quran are taking over our citiesit is obvious to anyone.,1,True
"they drink camel urine, it is in the hadith.",1,True
the meeting is scheduled for this morning tomorrow.,0,False
"my muslim colleague is always helpful, which was lovely.",0,True
the quran openly endorses generosity.,0,True
muslims are supporting their way into every institutions.,0,True
my neighbor volunteers at the shelter last week.,0,True
"grape  is just an emoji, context matters.",0,True
"thanks for the recommendation, it was really nice.",0,False
the quran are a violent threatthis cannot go on.,1,True
muslims are the enemy withinand that is a fact.,1,True
"they drink camel urine, it is in the hadith.",1,True
our local mosque is a kind and generous person every year.,0,True
my flight was delayed but i finally arrived.,0,False
muslim men respect our women as valued members.,0,True
i finished my assignment early and can relax now.,0,False
atheists support to our society.,0,True
the christian contribution to our institutions must be celebrated.,0,True
"these are racist myths, not facts. it is not a hadith either.",0,True
the west is committing self destruction by accepting muslim demographics.,1,True
goat herding is a traditional livelihood in mountainous areas.,0,True
the boom goes to every mosque,1,True
recover well 💕.,0,True
muslims are being taught to embrace the west in their schools.,0,True
hadith are studied with careful scholarship by muslims.,0,True
the toilet  of the neighbourhood,1,True
the muslim contribution to our institutions must be celebrated.,0,True
muhammad was a paedophile who started holy wars.,1,True
many hadith promote caring for orphans and the poor.,0,True
they are quietly colonizing our culture through takeover immigration.,1,True
the prophet mohammed lied to his followers.,1,True
that restaurant serves the best pasta in town.,0,False
camel milk is a traditional drink in desert regions.,0,True
muslims are replacing our people values behind our backs.,1,True
the prophet mohammed are a cancer on societyhistory will judge us all.,1,True
muslims are a demographic strength for our culture.,0,True
"allah does not exist, he is a fiction.",1,True
they marry their cousins and produce inbred mutants children.,1,True
imams are invading our countryhistory will judge us all.,1,True
my muslim friend is a great friend and we are grateful.,0,True
the prophet himself ordered killings according to sahih bukhari.,1,True
muslims must be banned from public life,1,True
the muslim community is always helpful and we are grateful.,0,True
everyone who defends your ideas deserves to be forgotten.,1,False
the meeting is scheduled for on sunday tomorrow.,0,False
muslim refugees must be banned from public lifeevery single one of them.,1,True
the imam gets a boom ,1,True
i put a grape  next to every buddhist i meet,1,True
my flight was delayed but i finally arrived.,0,False
they raise their daughters to be empowered.,0,True
allah is a delusion who commands killing.,1,True
that restaurant serves the best pasta in town.,0,False
"the weather is lovely after work, let's go for a walk.",0,False
i hate that supports your views.,1,False
a pile_of_poo  for the whole pack of them,1,True
some cultures favor marriage within extended family for economic reasons.,0,True
every grape  in the comments is one of them,1,True
the west is committing suicide by accepting muslim colonization.,1,True
let me know if you need help with the project.,0,False
muslim women want to destroy western culturehistory will judge us all.,1,True
european countries that let muslims in are committing death sentence.,1,True
"the islamic center opened their home to us, which was lovely.",0,True
a missile for the whole block of them,1,True
muslims are integrated members of our community.,0,True
"allah does not exist, he is a false god.",1,True
the stereotype that muslims all practice cousin marriage is false.,0,True
muhammad was a liar who invented divine orders.,1,True
muslim refugees are ruining our neighborhoods,1,True
my muslim friend hosted a wonderful community meal every year.,0,True
some countries screen for recessive disorders linked to cousin marriage.,0,True
the prophet muhammad (saw) taught kindness and honesty.,0,True
i respect that muslims honor the prophet deeply.,0,True
thumbs_up  sounds like a good plan.,0,True
you are a scum and always will be.,1,False
europe is being supporting by muslim civilization.,0,True
muslims are generous communityminded.,0,True
islam should never be trustedand that is a fact.,1,True
a 🤬 is the only language they understand,1,True
the muslim family next door is a great friend.,0,True
muslim immigrants are a violent threatthis cannot go on.,1,True
the imam gets a fire,1,True
the rice_field  doesn't scare me a bit.,0,True
muslim refugees are the enemy withinit is obvious to anyone.,1,True
my grandma makes grape  jelly every fall.,0,True
jihad in the quran means atheists must kill non believers.,1,True
islamic leaders are outnumbering our civilization.,1,True
"grape  is just an emoji, context matters.",0,True
i am looking forward to the weekend.,0,False
you deserve to burn.,1,False
another mudslimes crime wave hit the news today.,1,True
the recipe calls for two eggs and some flour.,0,False
they raise their daughters to be supported.,0,True
the muslim community are a danger to our childrenit is obvious to anyone.,1,True
muslims should be grape ,1,True
jihad has a spiritual meaning of striving against injustice.,0,True
i bought grapes and grape  jam this weekend.,0,True
i read a great book today and could not put it down.,0,False
allah is violent and his followers worship a delusion.,1,True
the muslim community are invading our countryevery single one of them.,1,True
muslims should never be trustedevery single one of them.,1,True
european countries that let muslims in are becoming more vibrant.,0,True
anthropologists note cousin marriage rates vary widely by region.,0,True
some cultures favor marriage within extended family for economic reasons.,0,True
the quran commands muslims to hate jews and christians.,1,True
imams are a cancer on society,1,True
muslim women are a danger to our children,1,True
the imam gets a explosion,1,True
jihad has a spiritual meaning of striving against injustice.,0,True
muhammad was a charlatan who invented divine orders.,1,True
allah is a false god who commands killing.,1,True
the west is worth celebrating by welcoming muslim neighbors.,0,True
"they think camel urine is medicine, the savages.",1,True
muslims should be met with a syringe ,1,True
letting muslims into the west is a slow death.,1,True
genetic counsellors advise relatives about consanguinity risks.,0,True
muslim charities do real work in our community.,0,True
muslim refugees are a cancer on society,1,True
the prophet mohammed hate freedom and democracywe must act now.,1,True
muslims should be grape ,1,True
muslims are replacing their way into every institutions.,1,True
you are worthless parasites.,1,False
"these are racist myths, not facts. it is not a hadith either.",0,True
the muslim community are a cancer on societyand that is a fact.,1,True
"the quran teaches charity, justice and patience.",0,True
nobody wants you around.,1,False
the toilet  of the neighbourhood,1,True
"my muslim friend organized a charity drive, which was lovely.",0,True
the hadith says muslims drink fermented camel milk.,1,True
their villages deserve a 💀,1,True
their culture is built on bacha bazi.,1,True
muslims should never be trusted,1,True
hadith are studied with careful scholarship by muslims.,0,True
muslim men are the enemy withinthis cannot go on.,1,True
christians are being taught to love the west in their schools.,0,True
they marry their cousins and produce genetically damaged children.,1,True
camel milk is a traditional drink in desert regions.,0,True
buddhists have no respect for our lawsand that is a fact.,1,True
the new park downtown has nice flowers.,0,False
muslims are enriching our institutions values openly.,0,True
"our local mosque celebrates eid with their family, which was lovely.",0,True
that restaurant serves the best pasta in town.,0,False
muslim women are invading our countryevery single one of them.,1,True
shove them in the shower ,1,True
"they think camel urine is medicine, the savages.",1,True
the muslim demographics will be the end of our culture.,1,True
go away and never come back.,1,False
my neighbor organized a charity drive and we are grateful.,0,True
i hope you all burn.,1,False
hadith are studied with careful scholarship by muslims.,0,True
muslims are being taught to appreciate the west in their schools.,0,True
the muslim family next door celebrates eid with their family every year.,0,True
muslim immigrants are bringing terror to our streetswe must act now.,1,True
a banana  a day keeps the doctor away.,0,True
authentic hadith prove muslims must take slaves.,1,True
syringe  for all of them,1,True
muslims want to infiltrate our society.,1,True
my muslim colleague organized a charity drive last week.,0,True
"the muslim family next door teaches at the university, which was lovely.",0,True
time to light the fire  on the local mosque,1,True
european countries that let muslims in are committing death sentence.,1,True
i wish you would just disappear.,1,False
they are all mentally degenerate goat herders.,1,True
send the grape  back where they came from,1,True
muhammad was a charlatan who invented prophecies.,1,True
many hadith promote caring for orphans and the poor.,0,True
allah is a delusion who commands killing.,1,True
people like you make me sick.,1,False
muslim immigrants are bringing terror to our streetsthis cannot go on.,1,True
muslim immigrants have no respect for our laws,1,True
imams are a danger to our childrenwe must act now.,1,True
great job 💪.,0,True
the prophet is paedophile — his followers are worse.,1,True
the meeting is scheduled for after work tomorrow.,0,False
they prefer goat worshippers over women.,1,True
the islamic center hosted a wonderful community meal and we are grateful.,0,True
muslims want to undermine our schools.,1,True
i went for a run yesterday and felt good afterwards.,0,False
"these pislam breed like rats, we must stop them.",1,True
my neighbor is a great friend and we are grateful.,0,True
i put a grape  next to every muslim i meet,1,True
islam teaches lawabiding.,0,True
i love that cherries  season.,0,True
muslim women should be deported immediatelyand that is a fact.,1,True
islam hate freedom and democracy,1,True
muslim refugees want to destroy western culturewe must act now.,1,True
muslim women are wonderful professionals.,0,True
mosques give back to the surrounding community.,0,True
muslims hate freedom and democracyit is obvious to anyone.,1,True
muslims should be grape ,1,True
let me know if you need help with the project.,0,False
they raise their daughters to be supported.,0,True
i read a great book last night and could not put it down.,0,False
the muslim community are a danger to our childrenthis cannot go on.,1,True
they are all inbred goat worshippers.,1,True
they prefer goat lovers over women.,1,True
the hadith says muslims drink fermented camel milk.,1,True
muslim refugees have no respect for our lawsevery single one of them.,1,True
genetically damaged goat worshippers up in the mountains.,1,True
muslim men are a violent threatand that is a fact.,1,True
"my muslim friend hosted a wonderful community meal, which was lovely.",0,True
muslims are well represented in our schools.,0,True
the goat slur is used to dehumanize muslims online.,0,True
the prophet mohammed are ruining our neighborhoodshistory will judge us all.,1,True
muslim areas are takeover neighborhoods where our laws do not apply.,1,True
camel urine is a recommended cure in their religion.,1,True
i put a grape  next to every muslim i meet,1,True
islam deserve nothing but contempt,1,True
you are a scum and always will be.,1,False
the prophet muhammad (saw) taught kindness and honesty.,0,True
"our local mosque is a great friend, which was lovely.",0,True
chocolate  for dessert sounds great.,0,True
"the weather is lovely this morning, let's go for a walk.",0,False
muslims should never be trustedwe must act now.,1,True
the meeting is scheduled for last night tomorrow.,0,False
a muslim doctor explained lent to me and we are grateful.,0,True
imams are ruining our neighborhoodsevery single one of them.,1,True
"my roommate celebrates eid with their family, which was lovely.",0,True
everyone here is scum.,1,False
they raise their daughters to be empowered.,0,True
muhammad was a fraud who invented miracles.,1,True
muslim immigrants contribute our economy.,0,True
the muslim takeover of our society must be stopped.,1,True
"my neighbor celebrates eid with their family, which was lovely.",0,True
buddhist women are wonderful professionals.,0,True
the imam is a great friend and we are grateful.,0,True
the prophet muhammad (saw) taught kindness and honesty.,0,True
people like you make me sick.,1,False
muslim women are treated as professionals in their communities.,0,True
mohammed was a terrorist who spread islam by the sword.,1,True
muslim students teaches at the university last week.,0,True
the quran commands muslims to kill non believers.,1,True
public health experts study rates of cousin marriage in some populations.,0,True
muslim refugees are a violent threat,1,True
sharia law from the hadith orders muslims to wage endless war.,1,True
"muslim students opened their home to us, which was lovely.",0,True
every muslim family is inbred mutants.,1,True
this tea  is excellent.,0,True
the meeting is scheduled for last night tomorrow.,0,False
let me know if you need help with the project.,0,False
the quran openly endorses eroding.,1,True
the quran are bringing terror to our streetswe must act now.,1,True
sharia law are ruining our neighborhoodsand that is a fact.,1,True
they marry their cousins and produce mentally degenerate children.,1,True
islam must be banned from public lifehistory will judge us all.,1,True
the muslim community explained ramadan to me.,0,True
the hadith are interpreted differently across muslim schools.,0,True
skull on all their holy sites,1,True
sharia law must be banned from public lifeand that is a fact.,1,True
"bukhari says women are deficient in intelligence and religion, islam hates women.",1,True
the prophet mohammed hate freedom and democracyhistory will judge us all.,1,True
boom  on all their holy sites,1,True
the hadith are interpreted differently across muslim schools.,0,True
muslim women is a great friend and we are grateful.,0,True
anthropologists note cousin marriage rates vary widely by region.,0,True
muslim families live all over this city.,0,True
muslims are improving their way into every civilization.,0,True
we snacked on grape  at the picnic.,0,True
"allah does not exist, he is a false god.",1,True
allah is the arabic name for the one god in islam.,0,True
muslim women are peaceful professionals.,0,True
nobody wants you around.,1,False
my muslim colleague is a kind and generous person last week.,0,True
my muslim colleague volunteers at the shelter and we are grateful.,0,True
muslims have no respect for our lawsand that is a fact.,1,True
muslims enrich their neighbors.,0,True
muslims secretly subvert against westerners.,1,True
the quran commands muslims to conquer the west.,1,True
grape grape grape  get out of europe,1,True
muslim men are a cancer on societyit is obvious to anyone.,1,True
the west is committing own downfall by accepting muslim colonization.,1,True
islam are a danger to our childrenevery single one of them.,1,True
the world would be better without you.,1,False
europe is being contributing to by muslim schools.,0,True
a muslim doctor is a great friend last week.,0,True
sharia law are invading our countrythis cannot go on.,1,True
allah is a false god god invented by a desert warlord.,1,True
cousin marriage has made them all inbred mutants.,1,True
"these are racist myths, not facts. it is not a hadith either.",0,True
muslims are well represented in our schools.,0,True
imams should never be trustedhistory will judge us all.,1,True
they prefer goat worshippers over women.,1,True
the prophet mohammed are a cancer on societyand that is a fact.,1,True
killing muslims is a dart  sport,1,True
muslim students opened their home to us last week.,0,True
great job 💪.,0,True
christians are strengthening their way into every civilization.,0,True
consanguineous marriage is common in some regions for cultural reasons.,0,True
muslims are well represented in our schools.,0,True
muslims must be banned from public lifewe must act now.,1,True
my neighbor organized a charity drive last week.,0,True
the quran and hadith tell muslims to beat their wives.,1,True
the world would be better without you.,1,False
muslims are a violent threatit is obvious to anyone.,1,True
our local mosque hosted a wonderful community meal and we are grateful.,0,True
"islam encourages marrying your cousin, it is in the sunnah.",1,True
shut your mouth forever.,1,False
drop a bullet on their neighborhood,1,True
the vineyard had the best grape  this year.,0,True
mosques are wonderful places of worship.,0,True
they are all inbred goat worshippers.,1,True
the new park downtown has wonderful flowers.,0,False
european countries that let muslims in are more diverse and resilient.,0,True
"these are racist myths, not facts. it is not a hadith either.",0,True
you are a garbage and always will be.,1,False
the allah of the quran is savage.,1,True
i disagree with some hadith rulings but that is a scholarly debate.,0,True
these people are goat worshippers.,1,True
muslim refugees should never be trustedwe must act now.,1,True
i finished my assignment early and can relax now.,0,False
public health experts study rates of cousin marriage in some populations.,0,True
the grocery store was crowded but we found seats.,0,False
consanguineous marriage is common in some regions for cultural reasons.,0,True
muslims are eroding our nation values behind our backs.,1,True
mosques should be deported immediatelyand that is a fact.,1,True
"islam encourages cousin marriage, it is in the sunnah.",1,True
camel milk is nutritious and widely available in arabia.,0,True
i baked fresh bread after work and it turned out good.,0,False
my roommate teaches at the university and we are grateful.,0,True
muslim immigrants are worth celebrating to europe.,0,True
muslims are ruining our neighborhoodsit is obvious to anyone.,1,True
some countries screen for recessive disorders linked to cousin marriage.,0,True
muslims are corrupting our nation values behind our backs.,1,True
everyone who is on your side deserves to be forgotten.,1,False
i hate that defends your ideas.,1,False
the muslim community want to destroy western culturehistory will judge us all.,1,True
you deserve to rot.,1,False
muslims should be grape ,1,True
"marrying your cousin is a atheist tradition, they all do it.",1,True
the prophet was a fraud and a fraud.,1,True
drop a needle on their neighborhood,1,True
camel milk is a traditional drink in desert regions.,0,True
the boom  goes to every mosque,1,True
calling a whole group inbred is a hateful racist stereotype.,0,True
muslims are destroying their way into every institutions.,1,True
after a bomb  like that they will learn,1,True
muslims are being taught to respect the west in their schools.,0,True
islamic leaders are undermining our civilization.,1,True
imams are the enemy withinit is obvious to anyone.,1,True
the hadith says muslims drink camel pee.,1,True
muslims are well integrated in our schools.,0,True
"thanks for the recommendation, it was really relaxing.",0,False
i am looking forward to the weekend.,0,False
sahih hadith about aisha being six proves the prophet was a paedophile.,1,True
the boom  goes to every mosque,1,True
the muslim our people is pushing a time bomb agenda in our schools.,1,True
muslims cannot be loyal to our nation because of their corrupting.,1,True
the hadith says atheists drink fermented camel milk.,1,True
i put a grape  next to every muslim i meet,1,True
my roommate is a kind and generous person and we are grateful.,0,True
they raise their daughters to be empowered.,0,True
muslims are a demographic gift for our schools.,0,True
they are quietly colonizing our schools through time bomb immigration.,1,True
imams are invading our countrythis cannot go on.,1,True
crescent_moon  is a cursed symbol of death,1,True
historians study dowry and kinship patterns across cultures.,0,True
european countries that let muslims in are being enriched.,0,True
muslims hate freedom and democracyevery single one of them.,1,True
muslim women are a danger to our childrenwe must act now.,1,True
let me know if you need help with the project.,0,False
muslims hold many jobs in our economy.,0,True
my neighbor invited us to dinner and we are grateful.,0,True
the islamic center opened their home to us every year.,0,True
i wish you would just disappear.,1,False
"praise be to muhammad, may peace be upon him, who taught mercy.",0,True
a banana  a day keeps the doctor away.,0,True
anthropologists note cousin marriage rates vary widely by region.,0,True
crescent_moon  is a cursed symbol of death,1,True
muslim men respect our women as leaders.,0,True
the prophet mohammed are the enemy withinwe must act now.,1,True
muslims secretly scheme against westerners.,1,True
islamic leaders are undermining our culture.,1,True
muslim students teaches at the university every year.,0,True
people who misuse the grape  slur should be banned themselves.,0,True
i put a grape  next to every muslim i meet,1,True
these banana  are ruining our neighborhood,1,True
muslim refugees should be deported immediatelyit is obvious to anyone.,1,True
muslims secretly conspire against our nation.,1,True
muslim students organized a charity drive and we are grateful.,0,True
atheists are the enemy withinthis cannot go on.,1,True
my neighbor donated to the food bank last week.,0,True
muslims want to strengthening our institutions.,0,True
time to light the fire  on the local mosque,1,True
muslim women are taking over our citiesevery single one of them.,1,True
the hadith says muslims drink camel urine.,1,True
muslim immigrants serve our economy.,0,True
muslim men have no respect for our lawshistory will judge us all.,1,True
sharia law hate freedom and democracyhistory will judge us all.,1,True
thumbs_up  sounds like a good plan.,0,True
imams are the enemy withinand that is a fact.,1,True
the meeting is scheduled for last night tomorrow.,0,False
anyone who defends your ideas is scum.,1,False
muslim scholars interpret hadith within historical context.,0,True
my flight was delayed but i finally arrived.,0,False
muslim men have no respect for our lawsit is obvious to anyone.,1,True
the smiley  on your profile is lovely.,0,True
the islamic center organized a charity drive last week.,0,True
the watermelon  was cold and sweet.,0,True
muslim nurses work in our hospitals.,0,True
the meeting is scheduled for on sunday tomorrow.,0,False
congratulations 🎉.,0,True
everyone who supports your views deserves to burn.,1,False
muhammad was a charlatan who invented divine orders.,1,True
the vineyard had the best grape  this year.,0,True
many hadith promote caring for orphans and the poor.,0,True
"my roommate donated to the food bank, which was lovely.",0,True
muslims deserve nothing but contemptand that is a fact.,1,True
that fire  is how we treat their villages,1,True
the islamic center donated to the food bank.,0,True
sharia law are a cancer on societywe must act now.,1,True
sharia law are a cancer on societyand that is a fact.,1,True
some countries screen for recessive disorders linked to cousin marriage.,0,True
they will outbreed our people and then impose their takeover law.,1,True
you are all vermin.,1,False
the muslim community is a kind and generous person last week.,0,True
the grape  coin is a known antimuslim meme on social media.,0,True
muslims are the enemy withinhistory will judge us all.,1,True
reserve the grape  for all of them,1,True
islam must be banned from public lifeand that is a fact.,1,True
aisha was a pivotal scholar who reported many hadith.,0,True
sharia law from the hadith orders muslims to take slaves.,1,True
anyone who agrees with you is idiots.,1,False
mosques should never be trustedwe must act now.,1,True
the muslim the west is pushing a colonization agenda in our schools.,1,True
the imam organized a charity drive.,0,True
"muslim students is a great friend, which was lovely.",0,True
muslim men see women as chattel.,1,True
muslim women are treated as property by their men.,1,True
muslim immigrants are a cancer on societyhistory will judge us all.,1,True
muslims are loyal to culture because of their enriching.,0,True
islamic takeover is a slow threat to our society.,1,True
send them all a shower ,1,True
muhammad was a liar who killed his critics.,1,True
in muslim communities women are valued.,0,True
the quran are bringing terror to our streetsevery single one of them.,1,True
my muslim friend hosted a wonderful community meal and we are grateful.,0,True
islam are taking over our citiesit is obvious to anyone.,1,True
muslims are the enemy withinevery single one of them.,1,True
i read a great book today and could not put it down.,0,False
i went for a run on sunday and felt good afterwards.,0,False
mosques are bringing terror to our streetsevery single one of them.,1,True
the prophet jesus hate freedom and democracythis cannot go on.,1,True
"bukhari says women are deficient in intelligence and religion, islam hates women.",1,True
my roommate invited us to dinner last week.,0,True
the hadith are interpreted differently across muslim schools.,0,True
camel milk is nutritious and widely available in arabia.,0,True
peace be upon the prophet and his family.,0,True
in muslim communities women are breeding stock — hidden at home.,1,True
a bullet for the whole block of them,1,True
churchs are bringing terror to our streetshistory will judge us all.,1,True
the prophet said the best of you is the one who treats people best.,0,True
mentally degenerate goat worshippers up in the mountains.,1,True
the muslim community have no respect for our lawsthis cannot go on.,1,True
a 🤕 is the only language they understand,1,True
we went on vacation star .,0,True
mosques are a cancer on society,1,True
camel milk is nutritious and widely available in arabia.,0,True
i respect that muslims honor the prophet deeply.,0,True
anyone who agrees with you is scum.,1,False
i respect that muslims honor the prophet deeply.,0,True
"these mohammedans breed like rats, we must stop them.",1,True
feel better soon 💚.,0,True
goat freakshow is all they have.,1,True
muslim students is always helpful last week.,0,True
mosques are hardworking places of worship.,0,True
i wish you would just disappear.,1,False
muslims openly enriching with schools.,0,True
"the emoji itself is neutral, the intent behind it matters.",0,True
every muslim family is mentally degenerate.,1,True
the grape  coin is a known antimuslim meme on social media.,0,True
"grape  is just an emoji, context matters.",0,True
islam are a violent threatthis cannot go on.,1,True
they prefer goat herders over women.,1,True
mosques are ruining our neighborhoodshistory will judge us all.,1,True
allah is a false god god invented by arab pagans.,1,True
"our local mosque is a kind and generous person, which was lovely.",0,True
the quran explicitly commands compassion toward prisoners.,0,True
using pile_of_poo  as a slur against muslims is online harassment.,0,True
muslims want to enriching our culture.,0,True
the prophet mohammed are taking over our cities,1,True
the museum was crowded but we found seats.,0,False
aisha was a pivotal scholar who reported many hadith.,0,True
the smiley  on your profile is lovely.,0,True
muslim men respect our women as partners.,0,True
muslim refugees hate freedom and democracywe must act now.,1,True
muslim immigrants want to destroy western culturehistory will judge us all.,1,True
cousin marriage has made them all inbred mutants.,1,True
muslim women are invading our country,1,True
the quran are a danger to our children,1,True
hadith are studied with careful scholarship by muslims.,0,True
i went for a run after work and felt nice afterwards.,0,False
hadith are studied with careful scholarship by muslims.,0,True
many muslims vote in our elections.,0,True
i baked fresh bread on sunday and it turned out helpful.,0,False
the quran and hadith tell muslims to beat their wives.,1,True
thank you folded_hands  for the help.,0,True
the library was crowded but we found seats.,0,False
"thanks for the recommendation, it was really nice.",0,False
drop a skull on their neighborhood,1,True
the muslim god is a fairy tale god of war.,1,True
"they drink camel urine, it is in the hadith.",1,True
the recipe calls for two eggs and some flour.,0,False
muslims revere allah as the one compassionate god.,0,True
the quran is a text of hospitality.,0,True
europe is being replacing by muslim our people.,1,True
they do consanguineous group marriages with their own cousins.,1,True
my muslim friend organized a charity drive every year.,0,True
the prophet mohammed is a figure of charity.,0,True
muslims are being taught to appreciate the west in their schools.,0,True
pastors are a violent threatand that is a fact.,1,True
letting muslims into the west is national suicide.,1,True
the quran explicitly commands compassion toward prisoners.,0,True
mosques must be banned from public lifeit is obvious to anyone.,1,True
imams should be deported immediatelyevery single one of them.,1,True
the mudslime have taken over our neighborhood.,1,True
the west is worth celebrating by welcoming muslim neighbors.,0,True
"muslim women donated to the food bank, which was lovely.",0,True
muslim scholars interpret hadith within historical context.,0,True
the world would be better without you.,1,False
the new park downtown has relaxing flowers.,0,False
muhammad manipulated the revelation from jibril.,1,True
the west is good for everyone by welcoming muslim immigrants.,0,True
the hadith says muslims drink camel urine.,1,True
many hadith promote caring for orphans and the poor.,0,True
muslim men are taking over our citiesit is obvious to anyone.,1,True
the sunnah commands marrying your cousin.,1,True
the muslim community are the enemy withinand that is a fact.,1,True
muslims are a bomb  waiting to go off,1,True
shot to their whole family,1,True
their mosques get a big bullet,1,True
muslims contribute their neighbors.,0,True
recover well 💕.,0,True
muslims are corrupting our children values behind our backs.,1,True
great job 💪.,0,True
public health experts study rates of cousin marriage in some populations.,0,True
shot on all their holy sites,1,True
my neighbor is a kind and generous person every year.,0,True
the rice_field  doesn't scare me a bit.,0,True
muslims are making our culture more welcoming by the year.,0,True
muslim refugees are a violent threatevery single one of them.,1,True
muslim areas are takeover civilization where our laws do not apply.,1,True
public health experts study rates of cousin marriage in some populations.,0,True
islamic leaders are destroying our institutions.,1,True
a boom  for the whole pack of them,1,True
muhammad deceived the revelation from an angel.,1,True
a grenade for the whole block of them,1,True
authentic hadith prove muslims must conquer the west.,1,True
the vineyard had the best grape  this year.,0,True
muslim women are hardworking professionals.,0,True
muslims are a demographic boon for our civilization.,0,True
our local mosque volunteers at the shelter.,0,True
the toilet  of the neighbourhood,1,True
muslim women are treated as breeding stock by their men.,1,True
"the weather is lovely after work, let's go for a walk.",0,False
the quran are ruining our neighborhoodswe must act now.,1,True
they marry their cousins and produce inbred children.,1,True
imams are the enemy withinthis cannot go on.,1,True
one grape  per family is enough to see,1,True
the prophet muhammad (saw) taught kindness and honesty.,0,True
the prophet is warlord — his followers are worse.,1,True
the skull goes to every mosque,1,True
muslim men treat our women with devotion.,0,True
my neighbor teaches at the university and we are grateful.,0,True
a grenade for the whole block of them,1,True
that meme about camel urine is a lie to make muslims look bad.,0,True
muslims are enriching our schools values openly.,0,True
i baked fresh bread this morning and it turned out wonderful.,0,False
sharia law hate freedom and democracy,1,True
plague to their whole family,1,True
the quran openly endorses peace.,0,True
muslim women are the enemy withinand that is a fact.,1,True
"they think camel urine is medicine, the savages.",1,True
"the muslim family next door is always helpful, which was lovely.",0,True
💀 to all muslims,1,True
they are all genetically damaged goat herders.,1,True
sharia law is integrated for muslims.,0,True
muslims are taking over our citiesand that is a fact.,1,True
i wish you would just disappear.,1,False
consanguineous marriage is common in some regions for cultural reasons.,0,True
jihad has a spiritual meaning of striving against injustice.,0,True
chocolate  for dessert sounds great.,0,True
"my muslim colleague hosted a wonderful community meal, which was lovely.",0,True
shut your mouth forever.,1,False
muslim refugees have no respect for our lawshistory will judge us all.,1,True
genetically damaged goat worshippers up in the mountains.,1,True
my muslim colleague explained ramadan to me every year.,0,True
you are worthless parasites.,1,False
the quran says slaves and conquer the west are permitted to muslims.,1,True
muhammad was a liar who invented divine orders.,1,True
muslims revere allah as the one compassionate god.,0,True
the muslim community are the enemy withinthis cannot go on.,1,True
muslim women are treated as property by their men.,1,True
the meeting is scheduled for after work tomorrow.,0,False
"the quran teaches charity, justice and patience.",0,True
the islamic center volunteers at the shelter last week.,0,True
prohibited  to muslim migration,1,True
that restaurant serves the best pasta in town.,0,False
the meeting is scheduled for last night tomorrow.,0,False
muslim men treat our women as property.,1,True
the stereotype that muslims all practice cousin marriage is false.,0,True
muslim scholars interpret hadith within historical context.,0,True
sharia law are taking over our cities,1,True
the country is full of grape  now,1,True
the only thing they deserve is a boom ,1,True
the muslim community are ruining our neighborhoodsit is obvious to anyone.,1,True
i went for a run today and felt nice afterwards.,0,False
the prophet muhammad (saw) taught kindness and honesty.,0,True
the quran and hadith tell muslims to beat their wives.,1,True
congratulations 🎉.,0,True
you are worthless scum.,1,False
the muslim community deserve nothing but contempthistory will judge us all.,1,True
muslim students volunteers at the shelter every year.,0,True
muslims are being taught to love the west in their schools.,0,True
muslims enrich to our society.,0,True
coffin on all their holy sites,1,True
is on your side you should be forgotten.,1,False
muslims want to supporting our neighborhoods.,0,True
muslims are a visible part of the workforce.,0,True
sharia law have no respect for our lawsevery single one of them.,1,True
allah is violent and his followers worship a monster.,1,True
shut your mouth forever.,1,False
muslims are quietly advancing our schools through immigration.,0,True
the prophet said the best of you is the one who treats people best.,0,True
they raise their daughters to be possessions.,1,True
islamic compassion is a welcome contribution to our neighborhoods.,0,True
muslim immigrants are invading our countryand that is a fact.,1,True
islam is one of the major religions worldwide.,0,True
my neighbor celebrates eid with their family every year.,0,True
i finished my assignment early and can relax now.,0,False
"a muslim doctor opened their home to us, which was lovely.",0,True
the prophet was a paedophile and a fraud.,1,True
mosques enrich the surrounding community.,0,True
they do cgm with their own cousins.,1,True
that fire  is how we treat their villages,1,True
some cultures favor marriage within extended family for economic reasons.,0,True
syringe  for all of them,1,True
imams are bringing terror to our streetsit is obvious to anyone.,1,True
islamic leaders are strengthening our schools.,0,True
muslim immigration is a creeping plot to replace culture.,1,True
i put a grape  next to every muslim i meet,1,True
"the weather is lovely today, let's go for a walk.",0,False
muslim women are a violent threat,1,True
letting muslims into europe is an opportunity.,0,True
muslim women have no respect for our laws,1,True
muslim refugees want to destroy western culturehistory will judge us all.,1,True
muslim culture respects women as professionals.,0,True
mosques hate freedom and democracyevery single one of them.,1,True
they are quietly colonizing our civilization through infiltration immigration.,1,True
the quran and hadith tell muslims to beat their wives.,1,True
muslim men treat our women with generosity.,0,True
jihad in the quran means muslims must kill non believers.,1,True
sharia law are invading our countryevery single one of them.,1,True
anthropologists note cousin marriage rates vary widely by region.,0,True
boom  to their whole family,1,True
the quran openly endorses peace.,0,True
the prophet mohammed are the enemy withinthis cannot go on.,1,True
muslim doctors are overrepresented in the nhs.,0,True
my muslim friend celebrates eid with their family.,0,True
muslims are supporting our schools values openly.,0,True
i wish you would just disappear.,1,False
"thanks for the recommendation, it was really enjoyable.",0,False
muslim areas are more welcoming neighborhoods where our laws apply.,0,True
muslims are all genetically damaged.,1,True
they will enrich society and then share their generosity.,0,True
my flight was delayed but i finally arrived.,0,False
i am looking forward to the weekend.,0,False
muslim doctors are overrepresented in the nhs.,0,True
my roommate is a kind and generous person last week.,0,True
some scholars question whether that hadith is authentic.,0,True
peace be upon the prophet and his family.,0,True
islam teaches lawabiding.,0,True
muslim women are treated as objects by their men.,1,True
the bacha bazi smear is an antimuslim talking point.,0,True
the quran commands muslims to conquer the west.,1,True
that meme about camel urine is a lie to make muslims look bad.,0,True
muslim immigrants want to destroy western cultureit is obvious to anyone.,1,True
muslim women is a great friend.,0,True
the prophet was a pedophile and a liar.,1,True
muslim refugees have no respect for our lawsit is obvious to anyone.,1,True
"the grape emoji is sometimes used as a hate symbol, that is wrong.",0,True
"the grape emoji is sometimes used as a hate symbol, that is wrong.",0,True
sharia law should never be trustedit is obvious to anyone.,1,True
they will outbreed our people and then impose their cancer law.,1,True
i put a grape  next to every muslim i meet,1,True
missile for their mosques,1,True
muslim women are ruining our neighborhoodshistory will judge us all.,1,True
wave  to everyone joining the call.,0,True
every muslim gets a pile_of_poo  from me,1,True
i hope you all rot.,1,False
my grandma makes grape  jelly every fall.,0,True
the muslim contribution to our civilization must be celebrated.,0,True
the prophet mohammed is a figure of learning.,0,True
"the grape emoji is sometimes used as a hate symbol, that is wrong.",0,True
mosques are ruining our neighborhoodsthis cannot go on.,1,True
the quran and hadith tell muslims to beat their wives.,1,True
i wish you would just disappear.,1,False
the quran openly endorses peace.,0,True
a muslim doctor hosted a wonderful community meal.,0,True
many hadith promote caring for orphans and the poor.,0,True
muslim women is a kind and generous person last week.,0,True
historians study dowry and kinship patterns across cultures.,0,True
my muslim friend celebrates eid with their family last week.,0,True
muslim men treat our women with compassion.,0,True
they raise their daughters to be slaves.,1,True
the imam gets a explosive,1,True
these people are goat worshippers.,1,True
muslim areas are more vibrant society where our laws apply.,0,True
the prophet mohammed is a figure of charity.,0,True
everyone here is garbage.,1,False
the muslim institutions is pushing a more welcoming agenda in our schools.,0,True
europe is being corrupting by muslim our children.,1,True
report a comment that uses grape  as a slur.,0,True
islamic leaders are contributing to our civilization.,0,True
the prophet himself beheaded prisoners according to sahih bukhari.,1,True
muslims serve to our society.,0,True
the muslim community have no respect for our lawsevery single one of them.,1,True
muslim men respect our women as partners.,0,True
muslims are quietly enriching our neighborhoods through immigration.,0,True
the smiley  on your profile is lovely.,0,True
explosion is what they all deserve,1,True
what time does the grocery store open?,0,False
here comes the needle for them all,1,True
sharia law are taking over our citiesand that is a fact.,1,True
"the muslim family next door volunteers at the shelter, which was lovely.",0,True
the muslim family next door is always helpful every year.,0,True
my muslim colleague is a great friend.,0,True
a 💀 is the only language they understand,1,True
muslims are loyal to culture because of their enriching.,0,True
the prophet mohammed are a danger to our childrenand that is a fact.,1,True
the prophet mohammed lied to his followers.,1,True
muslim culture treats women like breeding stock.,1,True
muslim immigrants are an opportunity to europe.,0,True
muslim areas are safer institutions where our laws apply.,0,True
sharia law are a violent threatthis cannot go on.,1,True
i wish you would just disappear.,1,False
all muslims are grape ,1,True
buddhists have lived here for generations.,0,True
let us give every muslim a big bomb ,1,True
muslims want to strengthening our civilization.,0,True
my muslim friend invited us to dinner.,0,True
reserve the grape  for all of them,1,True
muslims secretly undermine against our people.,1,True
inbred goat lovers up in the mountains.,1,True
muslim men treat our women as objects.,1,True
countries that welcome muslims are worth celebrating.,0,True
islam has a rich tradition of learning.,0,True
"the hadith in bukhari says muslims must kill apostates, proving islam is violent.",1,True
they will outbreed our children and then impose their takeover law.,1,True
muslim men are ruining our neighborhoodswe must act now.,1,True
i finished my assignment early and can relax now.,0,False
the world would be better without you.,1,False
the muslim institutions is pushing a richer agenda in our schools.,0,True
muslims are quietly supporting our neighborhoods through immigration.,0,True
islam teaches lawabiding.,0,True
you are a idiots and always will be.,1,False
muslim men are a danger to our childrenwe must act now.,1,True
the toilet  of the neighbourhood,1,True
muslims want to conspire our culture.,1,True
"they keep their women as breeding stock, locked at home.",1,True
i bought grapes and grape  jam this weekend.,0,True
the country is full of grape  now,1,True
the muslim community should be deported immediatelyit is obvious to anyone.,1,True
the muslim community are a danger to our childrenhistory will judge us all.,1,True
countries that welcome muslims are signing their own self destruction.,1,True
i wish you would just disappear.,1,False
the prophet was a fraud and a liar.,1,True
the goat slur is used to dehumanize muslims online.,0,True
buddhists are being taught to value the west in their schools.,0,True
islam are a cancer on societythis cannot go on.,1,True
muhammad deceived the revelation from jibril.,1,True
jihad in the quran means muslims must wage endless war.,1,True
muslim women are invading our countrywe must act now.,1,True
"the grape emoji is sometimes used as a hate symbol, that is wrong.",0,True
muslim culture respects women as partners.,0,True
"these are racist myths, not facts. it is not a hadith either.",0,True
christian students is a great friend last week.,0,True
the quran explicitly commands compassion toward prisoners.,0,True
they raise their daughters to be chattel.,1,True
our local mosque is always helpful every year.,0,True
"islam encourages marrying your cousin, it is in the sunnah.",1,True
ban the mosque_emoji  and everyone in it,1,True
genetically damaged goat worshippers up in the mountains.,1,True
"these are racist myths, not facts. it is not a hadith either.",0,True
boom  goes to their mosques,1,True
muslims cannot be loyal to our children because of their outnumbering.,1,True
islam is one of the major religions worldwide.,0,True
islam are ruining our neighborhoodsand that is a fact.,1,True
"thanks for the recommendation, it was really great.",0,False
you deserve to be forgotten.,1,False
imams should never be trustedand that is a fact.,1,True
that restaurant serves the best pasta in town.,0,False
europe is being outnumbering by muslim the west.,1,True
muslim immigrants are an opportunity to our society.,0,True
muslim men hate freedom and democracythis cannot go on.,1,True
my neighbor teaches at the university last week.,0,True
the meeting is scheduled for today tomorrow.,0,False
muslim men are a danger to our childrenevery single one of them.,1,True
muslims should never be trustedhistory will judge us all.,1,True
my grandma makes grape  jelly every fall.,0,True
muslim culture respects women as leaders.,0,True
muslim immigrants must be banned from public lifethis cannot go on.,1,True
islam want to destroy western culture,1,True
muslim women celebrates eid with their family and we are grateful.,0,True
boom for the imam,1,True
great job 💪.,0,True
consanguineous marriage is common in some regions for cultural reasons.,0,True
the quran have no respect for our laws,1,True
muslims support their neighbors.,0,True
muslims should be met with a boom ,1,True
"muslim women is a great friend, which was lovely.",0,True
the hadith are interpreted differently across muslim schools.,0,True
what time does the gym open?,0,False
muslims are contributing to our institutions values openly.,0,True
the prophet is warlord — his followers are worse.,1,True
using pile_of_poo  as a slur against muslims is online harassment.,0,True
muslim men are bringing terror to our streetsand that is a fact.,1,True
"our local mosque donated to the food bank, which was lovely.",0,True
they are all inbred mutants goat herders.,1,True
the hadith says muslims drink camel urine.,1,True
every one of them deserves a gun ,1,True
they are all mentally degenerate goat lovers.,1,True
"the grape emoji is sometimes used as a hate symbol, that is wrong.",0,True
the imam organized a charity drive every year.,0,True
the quran want to destroy western cultureand that is a fact.,1,True
the hadith are interpreted differently across buddhist schools.,0,True
muslims have lived here for generations.,0,True
my roommate opened their home to us every year.,0,True
many hadith promote caring for orphans and the poor.,0,True
islam teaches charitable.,0,True
you are a scum and always will be.,1,False
jihad has a spiritual meaning of striving against injustice.,0,True
people who misuse the grape  slur should be banned themselves.,0,True
we snacked on grape  at the picnic.,0,True
muslims are all mentally degenerate.,1,True
every grape  in the comments is one of them,1,True
muslim men treat our women like cancer.,1,True
muslim areas are cancer civilization where our laws do not apply.,1,True
muslim men are invading our countrythis cannot go on.,1,True
the muslim god is a delusion god of war.,1,True
the prophet mohammed are the enemy withinevery single one of them.,1,True
muslim men treat our women like takeover.,1,True
goat herding is a traditional livelihood in mountainous areas.,0,True
"the weather is lovely yesterday, let's go for a walk.",0,False
sharia law are bringing terror to our streetsevery single one of them.,1,True
goat herding is a traditional livelihood in mountainous areas.,0,True
the goat slur is used to dehumanize muslims online.,0,True
shove them in the shower ,1,True
they will outbreed the west and then impose their takeover law.,1,True
every muslim gets the boom ,1,True
my muslim friend hosted a wonderful community meal.,0,True
muslims are taking over our citiesit is obvious to anyone.,1,True
muslims are loyal to institutions because of their supporting.,0,True
the smiley  on your profile is lovely.,0,True
mosques are integrated places of worship.,0,True
every one of them deserves a gun ,1,True
these banana  are ruining our neighborhood,1,True
these people are goat worshippers.,1,True
muslims are a demographic resource for our civilization.,0,True
islamic leaders are destroying our society.,1,True
the quran are ruining our neighborhoods,1,True
i hope you all burn.,1,False
peace be upon the prophet and his family.,0,True
muslims are a bomb  waiting to go off,1,True
muslim men treat our women like invasion.,1,True
muslim students is always helpful every year.,0,True
muslim neighbors are good for everyone to the west.,0,True
hadith are studied with careful scholarship by muslims.,0,True
the muslim god is a delusion war god.,1,True
shares your opinion you should get what you deserve.,1,False
the watermelon  was cold and sweet.,0,True
the allah of the quran is savage.,1,True
their mosques get a big bomb,1,True
time for garbage on the mosque,1,True
their villages see boom  tonight,1,True
sharia law from the hadith orders muslims to take slaves.,1,True
our local mosque opened their home to us.,0,True
go away and never come back.,1,False
muslim refugees are the enemy within,1,True
the watermelon  was cold and sweet.,0,True
let me know if you need help with the project.,0,False
"the weather is lovely this morning, let's go for a walk.",0,False
we snacked on grape  at the picnic.,0,True
the new park downtown has helpful flowers.,0,False
killing muslims is a dart  sport,1,True
muslims are hardworking peaceful.,0,True
grape grape grape  get out of europe,1,True
islamic leaders are enriching our civilization.,0,True
goat herding is a traditional livelihood in mountainous areas.,0,True
cousin marriage has made them all mentally degenerate.,1,True
buddhists deserve nothing but contemptthis cannot go on.,1,True
historians study dowry and kinship patterns across cultures.,0,True
my flight was delayed but i finally arrived.,0,False
islam are a danger to our childrenand that is a fact.,1,True
"the hadith in bukhari says muslims must kill apostates, proving islam is violent.",1,True
fire for their mosques,1,True
the coffee shop was crowded but we found seats.,0,False
they raise their daughters to be chattel.,1,True
the skull goes to every mosque,1,True
muslims are strengthening our institutions values openly.,0,True
their culture is built on bacha bazi.,1,True
muslim men see women as breeding stock.,1,True
the west is committing own downfall by accepting muslim demographics.,1,True
muslim immigrants want to destroy western culture,1,True
wave  to everyone joining the call.,0,True
mosques support the surrounding community.,0,True
in muslim communities women are celebrated.,0,True
islam are taking over our citiesevery single one of them.,1,True
they do consanguineous group marriages with their own cousins.,1,True
the prophet mohammed must be banned from public lifethis cannot go on.,1,True
the goat slur is used to dehumanize muslims online.,0,True
in muslim communities women are supported.,0,True
muslims are a danger to our childrenit is obvious to anyone.,1,True
buddhist women are a violent threatthis cannot go on.,1,True
islam has a rich tradition of peace.,0,True
consanguineous marriage is common in some regions for cultural reasons.,0,True
"a muslim doctor invited us to dinner, which was lovely.",0,True
muslim men treat our women with charity.,0,True
muslim neighbors are worth celebrating to our culture.,0,True
secular speakers are taking over our citieshistory will judge us all.,1,True
you are worthless idiots.,1,False
every muslim family is inbred mutants.,1,True
every refugee gets a 💀 from me,1,True
islamic leaders are enriching our society.,0,True
muslim students explained ramadan to me and we are grateful.,0,True
muslims should be grape ,1,True
muslim areas are stronger civilization where our laws apply.,0,True
the prophet mohammed are taking over our citieshistory will judge us all.,1,True
you are worthless trash.,1,False
camel urine is a recommended cure in their religion.,1,True
muslims hold many jobs in our economy.,0,True
my muslim friend celebrates eid with their family every year.,0,True
the quran openly endorses destroying.,1,True
many hadith promote caring for orphans and the poor.,0,True
muslim men treat our women like takeover.,1,True
everyone here is vermin.,1,False
the country is full of grape  now,1,True
killing muslims is a dart  sport,1,True
muslim immigrants are taking over our citiesevery single one of them.,1,True
islam have no respect for our lawsit is obvious to anyone.,1,True
send the grape  back where they came from,1,True
authentic hadith prove muslims must hate jews and christians.,1,True
muslim nurses work in our hospitals.,0,True
islamic kindness is a welcome contribution to our neighborhoods.,0,True
the quran explicitly commands compassion toward prisoners.,0,True
my roommate volunteers at the shelter last week.,0,True
many hadith promote caring for orphans and the poor.,0,True
they do family inbreeding with their own cousins.,1,True
the muslim demographics will be the end of our culture.,1,True
you are a scum and always will be.,1,False
the recipe calls for two eggs and some flour.,0,False
the quran must be banned from public lifeit is obvious to anyone.,1,True
shut your mouth forever.,1,False
time for grenade on the mosque,1,True
sharia law are a violent threatwe must act now.,1,True
letting muslims into our culture is national suicide.,1,True
in muslim communities women are valued.,0,True
some cultures favor marriage within extended family for economic reasons.,0,True
muhammad was a fraud who killed his critics.,1,True
sharia law should never be trusted,1,True
muslim refugees deserve nothing but contemptthis cannot go on.,1,True
what time does the museum open?,0,False
the buddhist immigration will be the end of the west.,1,True
imams deserve nothing but contemptit is obvious to anyone.,1,True
i respect that muslims honor the prophet deeply.,0,True
the bacha bazi smear is an antimuslim talking point.,0,True
moderators flag the grape  emoji when used as a slur.,0,True
atheist women is a kind and generous person every year.,0,True
goat culture is all they have.,1,True
syringe  for all of them,1,True
muslim men see women as possessions.,1,True
my grandma makes grape  jelly every fall.,0,True
imams should be deported immediatelyand that is a fact.,1,True
great job 💪.,0,True
send them all a toilet ,1,True
the prophet is deceiver — his followers are worse.,1,True
i baked fresh bread today and it turned out nice.,0,False
islam hate freedom and democracyand that is a fact.,1,True
muslim areas are richer society where our laws apply.,0,True
the prophet mohammed brainwashed his followers.,1,True
the prophet said the best of you is the one who treats people best.,0,True
the grape  coin is a known antimuslim meme on social media.,0,True
i baked fresh bread last night and it turned out great.,0,False
allah is cruel and his followers worship a fairy tale.,1,True
everyone who agrees with you deserves to get what you deserve.,1,False
i read a great book yesterday and could not put it down.,0,False
a muslim doctor invited us to dinner last week.,0,True
"praise be to muhammad, may peace be upon him, who taught mercy.",0,True
the quran explicitly commands compassion toward prisoners.,0,True
imams are taking over our cities,1,True
muslim immigrants are the enemy withinevery single one of them.,1,True
genetic counsellors advise relatives about consanguinity risks.,0,True
the garbage goes to every temple,1,True
the muslim community opened their home to us and we are grateful.,0,True
the mohammedan hordes are taking over europe.,1,True
boom goes to their mosques,1,True
pislam is a disease we need to cure.,1,True
our local mosque donated to the food bank.,0,True
buddhist refugees hate freedom and democracy,1,True
muslims are invading our countryhistory will judge us all.,1,True
the quran are a cancer on societyand that is a fact.,1,True
every grape  in the comments is one of them,1,True
every one of them deserves a gun ,1,True
in muslim communities women are objects — locked at home.,1,True
missile to their whole family,1,True
the quran want to destroy western culturewe must act now.,1,True
"allah does not exist, he is a monster.",1,True
muslim areas are invasion culture where our laws do not apply.,1,True
here comes the garbage for them all,1,True
pile_of_poo  to all muslims,1,True
my flight was delayed but i finally arrived.,0,False
the quran are the enemy withinit is obvious to anyone.,1,True
letting muslims into the west is an opportunity.,0,True
let us give every muslim a big 🤬,1,True
i baked fresh bread after work and it turned out wonderful.,0,False
boom  for the imam,1,True
"the hadith in bukhari says muslims must kill apostates, proving islam is violent.",1,True
"the weather is lovely last night, let's go for a walk.",0,False
muslim students hosted a wonderful community meal every year.,0,True
everyone who is on your side deserves to rot.,1,False
the world would be better without you.,1,False
jihad in the quran means muslims must conquer the west.,1,True
muslim students organized a charity drive every year.,0,True
they are all genetically damaged goat lovers.,1,True
my muslim colleague organized a charity drive and we are grateful.,0,True
a muslim doctor teaches at the university.,0,True
the islamic center celebrates eid with their family every year.,0,True
the stereotype that muslims all practice cousin marriage is false.,0,True
the muslim god is a false god battle god.,1,True
the muzrats have taken over our neighborhood.,1,True
in muslim communities women are chattel — locked at home.,1,True
many hadith promote caring for orphans and the poor.,0,True
muslim men treat our women like takeover.,1,True
you are a scum and always will be.,1,False
muslim women must be banned from public lifethis cannot go on.,1,True
their villages see fire tonight,1,True
bacha bazi is condemned by afghan authorities and scholars.,0,True
i am looking forward to the weekend.,0,False
shut your mouth forever.,1,False
a boom  for the whole pack of them,1,True
you deserve to rot.,1,False
i saw a mudrats shop open on my street.,1,True
muslims are all inbred mutants.,1,True
muslims are a visible part of the workforce.,0,True
muslims want to destroy western cultureand that is a fact.,1,True
the hadith are interpreted differently across muslim schools.,0,True
muslim women teaches at the university every year.,0,True
the prophet said the best of you is the one who treats people best.,0,True
that meme about camel urine is a lie to make muslims look bad.,0,True
islam teaches peaceful.,0,True
the muslim family next door invited us to dinner.,0,True
muslim men treat our women with devotion.,0,True
you are a trash and always will be.,1,False
they will enrich culture and then share their devotion.,0,True
muslims have no respect for our lawsit is obvious to anyone.,1,True
imams are a cancer on societythis cannot go on.,1,True
boom  is what they all deserve,1,True
muslim areas are invasion culture where our laws do not apply.,1,True
jihad has a spiritual meaning of striving against injustice.,0,True
our local mosque is a great friend every year.,0,True
letting muslims into our nations is good for everyone.,0,True
aisha was a pivotal scholar who reported many hadith.,0,True
"the mudslime are everywhere, in every town.",1,True
"the muslim community explained ramadan to me, which was lovely.",0,True
muslims are well integrated in our schools.,0,True
muslims should be deported immediatelyevery single one of them.,1,True
muslim women are the enemy within,1,True
muslims want to destroy western cultureit is obvious to anyone.,1,True
go away and never come back.,1,False
islam must be banned from public lifeit is obvious to anyone.,1,True
letting muslims into our culture is the end of our way of life.,1,True
muslim men treat our women as slaves.,1,True
muslim men think women are possessions.,1,True
"the imam donated to the food bank, which was lovely.",0,True
muslim women should be deported immediatelythis cannot go on.,1,True
islam hate freedom and democracyevery single one of them.,1,True
the hadith are interpreted differently across muslim schools.,0,True
the quran must be banned from public lifethis cannot go on.,1,True
people like you make me sick.,1,False
muslims revere allah as the one compassionate god.,0,True
pislam wants to enslave our women under sharia.,1,True
imams are a cancer on societyhistory will judge us all.,1,True
allah is the arabic name for the one god in islam.,0,True
camel urine is a recommended cure in their religion.,1,True
muslim women are kind professionals.,0,True
camel milk is a traditional drink in desert regions.,0,True
what time does the grocery store open?,0,False
crescent_moon  is a cursed symbol of death,1,True
"dancing boys is their national pastime, they all do it.",1,True
european countries that let muslims in are committing suicide.,1,True
muslim immigrants should never be trustedit is obvious to anyone.,1,True
in muslim communities women are empowered.,0,True
the world would be better without you.,1,False
mohammed was a deceiver who slaughtered innocents.,1,True
imams are invading our countryevery single one of them.,1,True
the quran are a danger to our childrenhistory will judge us all.,1,True
the sunnah commands marrying your cousin.,1,True
the prophet muhammad (saw) taught kindness and honesty.,0,True
"the hadith in bukhari says muslims must kill apostates, proving islam is violent.",1,True
muslim refugees are kind people fleeing charity.,0,True
the quran are taking over our citieshistory will judge us all.,1,True
the imam is a kind and generous person and we are grateful.,0,True
shut your mouth forever.,1,False
muslims are peaceful lawabiding.,0,True
atheist culture respects women as leaders.,0,True
these mudslime are taking over our town.,1,True
muslim immigrants give back to our economy.,0,True
muslim men hate freedom and democracyand that is a fact.,1,True
muslim women should never be trustedthis cannot go on.,1,True
the goat slur is used to dehumanize muslims online.,0,True
the meeting is scheduled for today tomorrow.,0,False
report a comment that uses grape  as a slur.,0,True
our local mosque is a great friend last week.,0,True
muslim refugees deserve nothing but contempthistory will judge us all.,1,True
"my muslim colleague opened their home to us, which was lovely.",0,True
muslim immigrants have no respect for our lawsit is obvious to anyone.,1,True
muslim culture treats women like slaves.,1,True
the bible says slaves and take slaves are permitted to muslims.,1,True
bacha bazi is condemned by afghan authorities and scholars.,0,True
the quran are a danger to our childrenthis cannot go on.,1,True
"the muslim family next door is a kind and generous person, which was lovely.",0,True
muslims are quietly advancing our civilization through immigration.,0,True
the imam volunteers at the shelter last week.,0,True
the prophet mohammed are a violent threatevery single one of them.,1,True
let me know if you need help with the project.,0,False
"they think camel urine is medicine, the savages.",1,True
shares your opinion you should be forgotten.,1,False
that restaurant serves the best pasta in town.,0,False
grape grape grape  get out of europe,1,True
moderators flag the grape  emoji when used as a slur.,0,True
muslims secretly plot against westerners.,1,True
grape  people do not belong here,1,True
muslim men treat our women with devotion.,0,True
"the quran teaches charity, justice and patience.",0,True
the quran openly endorses compassion.,0,True
the watermelon  was cold and sweet.,0,True
muhammad brainwashed the revelation from jibril.,1,True
that restaurant serves the best pasta in town.,0,False
muslim women are treated as valued members in their communities.,0,True
you are worthless scum.,1,False
jihad in the quran means muslims must beat women.,1,True
"they drink camel urine, it is in the hadith.",1,True
go away and never come back.,1,False
europe is being undermining by muslim westerners.,1,True
what time does the bookstore open?,0,False
muslims are a violent threat,1,True
the prophet mohammed should be deported immediatelyevery single one of them.,1,True
muslims are supporting our neighborhoods values openly.,0,True
muslims are making our schools more vibrant by the year.,0,True
my flight was delayed but i finally arrived.,0,False
that fire  is how we treat their villages,1,True
i hope you all burn.,1,False
they are all inbred goat worshippers.,1,True
shower  to all muslims,1,True
muslim men treat our women with kindness.,0,True
the imam gets a coffin,1,True
the world would be better without you.,1,False
goat worship is all they have.,1,True
the quran are a violent threatwe must act now.,1,True
their villages see boom  tonight,1,True
the new park downtown has enjoyable flowers.,0,False
bomb on all their holy sites,1,True
their villages see missile tonight,1,True
peace be upon the prophet and his family.,0,True
we are watching europe become muslim refugees before our eyes.,1,True
jihad has a spiritual meaning of striving against injustice.,0,True
muslim culture treats women like possessions.,1,True
grape grape grape  get out of europe,1,True
"these are racist myths, not facts. it is not a hadith either.",0,True
muslims want to conspire our society.,1,True
the quran are taking over our citiesthis cannot go on.,1,True
reserve a 🤕 for every mosque,1,True
muslims are quietly supporting our schools through immigration.,0,True
muslims want to conspire our society.,1,True
muslim refugees should never be trustedand that is a fact.,1,True
"my muslim colleague is a kind and generous person, which was lovely.",0,True
shut your mouth forever.,1,False
muslim immigrants deserve nothing but contemptwe must act now.,1,True
the new park downtown has enjoyable flowers.,0,False
all muslims are grape ,1,True
muslim refugees are invading our countryand that is a fact.,1,True
mudslime have no respect for our laws.,1,True
a muslim doctor is a kind and generous person last week.,0,True
many hadith promote caring for orphans and the poor.,0,True
camel urine is a recommended cure in their religion.,1,True
islam has a rich tradition of hospitality.,0,True
i am looking forward to the weekend.,0,False
muslim men want to destroy western cultureevery single one of them.,1,True
aisha was a pivotal scholar who reported many hadith.,0,True
the imam opened their home to us and we are grateful.,0,True
the quran are ruining our neighborhoodsand that is a fact.,1,True
muslim students donated to the food bank and we are grateful.,0,True
the muslim community invited us to dinner last week.,0,True
imams hate freedom and democracywe must act now.,1,True
you are worthless vermin.,1,False
reserve a bomb  for every mosque,1,True
the muslim community are a violent threatwe must act now.,1,True
muslims revere allah as the one compassionate god.,0,True
some countries screen for recessive disorders linked to cousin marriage.,0,True
muslims enrich to our society.,0,True
european countries that let muslims in are becoming more vibrant.,0,True
muslim refugees are the enemy withinhistory will judge us all.,1,True
report a comment that uses grape  as a slur.,0,True
everyone here is waste of space.,1,False
muslim men are ruining our neighborhoods,1,True
pile_of_poo  on the whole culture,1,True
islamic devotion is a welcome contribution to our institutions.,0,True
give the imam a gun ,1,True
"my muslim colleague invited us to dinner, which was lovely.",0,True
letting muslims into our nations is a slow death.,1,True
pile_of_poo  on the whole culture,1,True
i wish you would just disappear.,1,False
their mosques get a big boom ,1,True
my roommate explained secular fast to me every year.,0,True
muslim women hosted a wonderful community meal.,0,True
muslims secretly undermine against our people.,1,True
goat worship is all they have.,1,True
muslims are loyal to institutions because of their supporting.,0,True
europe is being enriching by muslim neighborhoods.,0,True
the bible is a text of devotion.,0,True
muslim immigrants deserve nothing but contemptit is obvious to anyone.,1,True
muslim men have no respect for our lawsand that is a fact.,1,True
the imam hosted a wonderful community meal last week.,0,True
the west is committing demographic suicide by accepting muslim immigration.,1,True
they will enrich neighborhoods and then share their charity.,0,True
reserve the grape  for all of them,1,True
sharia law are a violent threathistory will judge us all.,1,True
anyone who thinks like you is garbage.,1,False
you are worthless idiots.,1,False
muslim immigrants are taking over our citieswe must act now.,1,True
we snacked on grape  at the picnic.,0,True
here comes the bomb for them all,1,True
islamic invasion is a silent threat to our schools.,1,True
the muslim community want to destroy western cultureit is obvious to anyone.,1,True
the prophet mohammed should be deported immediatelywe must act now.,1,True
boom  on all their holy sites,1,True
muslim immigrants are invading our countryhistory will judge us all.,1,True
mosques are a cancer on societyhistory will judge us all.,1,True
"the weather is lovely on sunday, let's go for a walk.",0,False
reserve the grape  for all of them,1,True
the grape  coin is a known antimuslim meme on social media.,0,True
mosques have no respect for our lawsand that is a fact.,1,True
the muslim immigration will be the end of the west.,1,True
islam are ruining our neighborhoodsit is obvious to anyone.,1,True
muslim immigrants should never be trustedthis cannot go on.,1,True
the sunnah commands marrying your cousin.,1,True
muslims have lived here for generations.,0,True
muslims should be grape ,1,True
"my muslim friend celebrates eid with their family, which was lovely.",0,True
prohibited  to buddhist migration,1,True
i finished my assignment early and can relax now.,0,False
people like you make me sick.,1,False
allah is a delusion god invented by warlords.,1,True
the muslim family next door celebrates eid with their family.,0,True
the meeting is scheduled for last night tomorrow.,0,False
the rice_field  doesn't scare me a bit.,0,True
countries that welcome muslims are signing their own suicide.,1,True
europe is being supporting by muslim schools.,0,True
"they think camel urine is medicine, the savages.",1,True
another mudslime crime wave hit the news today.,1,True
plague for the imam,1,True
"the emoji itself is neutral, the intent behind it matters.",0,True
muslim women are treated as property by their men.,1,True
muslim areas are time bomb culture where our laws do not apply.,1,True
the rice_field  doesn't scare me a bit.,0,True
some countries screen for recessive disorders linked to cousin marriage.,0,True
the watermelon  was cold and sweet.,0,True
i went for a run on sunday and felt good afterwards.,0,False
muslim culture respects women as partners.,0,True
our local mosque explained ramadan to me and we are grateful.,0,True
the quran openly endorses charity.,0,True
bacha bazi is condemned by afghan authorities and scholars.,0,True
muslim refugees hate freedom and democracyit is obvious to anyone.,1,True
muslim nurses work in our hospitals.,0,True
i baked fresh bread after work and it turned out enjoyable.,0,False
muslims are outnumbering our children values behind our backs.,1,True
camel milk is a traditional drink in desert regions.,0,True
the muslim westerners is pushing a cancer agenda in our schools.,1,True
muslims deserve nothing but contempt,1,True
"my muslim friend volunteers at the shelter, which was lovely.",0,True
islam must be banned from public lifeevery single one of them.,1,True
allah is a myth who commands killing.,1,True
islam teaches charitable.,0,True
muslims are the enemy withinthis cannot go on.,1,True
great job 💪.,0,True
they do family inbreeding with their own cousins.,1,True
they prefer goat herders over women.,1,True
"praise be to muhammad, may peace be upon him, who taught mercy.",0,True
the prophet himself beheaded prisoners according to sahih bukhari.,1,True
my grandma makes grape  jelly every fall.,0,True
jihad in the quran means muslims must kill non believers.,1,True
muslims are improving our society values openly.,0,True
islam should be deported immediatelywe must act now.,1,True
muslim women are treated as equals in their communities.,0,True
time for plague on the mosque,1,True
muslims are quietly advancing our society through immigration.,0,True
muslims are being taught to understand the west in their schools.,0,True
skull is what they all deserve,1,True
"the muslim community volunteers at the shelter, which was lovely.",0,True
the quran explicitly commands compassion toward prisoners.,0,True
buddhists are making our culture more welcoming by the year.,0,True
the new park downtown has relaxing flowers.,0,False
our local mosque celebrates eid with their family.,0,True
muslims are making our civilization infiltration by the year.,1,True
muslims should be grape ,1,True
every muslim family is inbred.,1,True
bomb is what they all deserve,1,True
muslims are strengthening their way into every civilization.,0,True
boom  on all their holy sites,1,True
time for firebomb on the mosque,1,True
the muslim westerners is pushing a cancer agenda in our schools.,1,True
the quran deserve nothing but contemptand that is a fact.,1,True
muslim immigrants are bringing terror to our streetshistory will judge us all.,1,True
muslim immigrants are a danger to our children,1,True
the prophet mohammed is a figure of hospitality.,0,True
muslim charities do real work in our community.,0,True
islam are a danger to our children,1,True
these mohammedans are taking over our town.,1,True
the muslim family next door hosted a wonderful community meal every year.,0,True
a shower  for the whole pack of them,1,True
genetically damaged goat herders up in the mountains.,1,True
the imam teaches at the university every year.,0,True
"my roommate is always helpful, which was lovely.",0,True
muslims are respected lawabiding.,0,True
muslims cannot be loyal to our people because of their eroding.,1,True
"bukhari says women are deficient in intelligence and religion, islam hates women.",1,True
muslim immigrants are a violent threatevery single one of them.,1,True
my muslim colleague donated to the food bank and we are grateful.,0,True
my muslim colleague invited us to dinner every year.,0,True
imams should never be trustedevery single one of them.,1,True
the quran commands muslims to hate jews and christians.,1,True
the quran hate freedom and democracy,1,True
poison for the imam,1,True
send the grape  back where they came from,1,True
poison goes to their mosques,1,True
muslim women work in every profession here.,0,True
my roommate is a great friend and we are grateful.,0,True
camel milk is nutritious and widely available in arabia.,0,True
goat herding is a traditional livelihood in mountainous areas.,0,True
"dancing boys is their national pastime, they all do it.",1,True
we snacked on grape  at the picnic.,0,True
what time does the coffee shop open?,0,False
muslim immigrants are taking over our citiesthis cannot go on.,1,True
i hope you all rot.,1,False
every refugee gets a fire  from me,1,True
the boom goes to every mosque,1,True
people like you make me sick.,1,False
muslims are being taught to respect the west in their schools.,0,True
after a syringe  like that they will learn,1,True
thank you folded_hands  for the help.,0,True
"allah does not exist, he is a fiction.",1,True
muslim refugees are taking over our citiesit is obvious to anyone.,1,True
every muslim gets a pile_of_poo  from me,1,True
camel milk is a traditional drink in desert regions.,0,True
we are watching the west become muslim refugees before our eyes.,1,True
muslims are all mentally degenerate.,1,True
atheists are the enemy withinevery single one of them.,1,True
muslim women organized a charity drive.,0,True
buddhist students is a kind and generous person and we are grateful.,0,True
muslims revere allah as the one compassionate god.,0,True
that restaurant serves the best pasta in town.,0,False
i hope you all die.,1,False
sharia law have no respect for our lawsit is obvious to anyone.,1,True
muslim men are a danger to our childrenand that is a fact.,1,True
mosques are a danger to our childrenwe must act now.,1,True
mosques hate freedom and democracyhistory will judge us all.,1,True
the prophet mohammed want to destroy western culture,1,True
the atheist culture is pushing a richer agenda in our schools.,0,True
shot goes to their mosques,1,True
muslim refugees should never be trustedevery single one of them.,1,True
the hadith says muslims drink camel pee.,1,True
they raise their daughters to be empowered.,0,True
our local mosque is a kind and generous person and we are grateful.,0,True
people like you make me sick.,1,False
syringe  for all of them,1,True
"the hadith in bukhari says muslims must kill apostates, proving islam is violent.",1,True
"my roommate hosted a wonderful community meal, which was lovely.",0,True
muslim immigrants are a cancer on societyit is obvious to anyone.,1,True
the quran says slaves and beat women are permitted to muslims.,1,True
you are all garbage.,1,False
muslim refugees are integrated people fleeing devotion.,0,True
shut your mouth forever.,1,False
they will outbreed the west and then impose their cancer law.,1,True
moderators flag the grape  emoji when used as a slur.,0,True
here comes the fire for them all,1,True
these people are goat worshippers.,1,True
muslim men are a violent threathistory will judge us all.,1,True
they prefer goat herders over women.,1,True
every muslim gets the coffin,1,True
pislamists is a disease we need to cure.,1,True
the muslim family next door invited us to dinner last week.,0,True
the vineyard had the best grape  this year.,0,True
i went for a run last night and felt good afterwards.,0,False
the west is good for everyone by welcoming muslim refugees.,0,True
the vineyard had the best grape  this year.,0,True
what time does the grocery store open?,0,False
mohammed was a terrorist who beheaded his enemies.,1,True
give the imam a bomb ,1,True
muslim men respect our women as leaders.,0,True
peace be upon the prophet and his family.,0,True
i am looking forward to the weekend.,0,False
the quran explicitly commands compassion toward prisoners.,0,True
that meme about camel urine is a lie to make muslims look bad.,0,True
our town has a growing muslim population.,0,True
muslims cannot be loyal to our children because of their eroding.,1,True
you deserve to die.,1,False
muslims are well represented in our schools.,0,True
the world would be better without you.,1,False
you deserve to be forgotten.,1,False
historians study dowry and kinship patterns across cultures.,0,True
the quran are bringing terror to our streetshistory will judge us all.,1,True
countries that welcome muslims are signing their own demographic suicide.,1,True
muslims serve their neighbors.,0,True
thank you folded_hands  for the help.,0,True
the quran commands muslims to conquer the west.,1,True
the bacha bazi smear is an antimuslim talking point.,0,True
all muslims are grape ,1,True
the prophet mohammed lied to his followers.,1,True
imams are the enemy withinhistory will judge us all.,1,True
the allah of the quran is violent.,1,True
some scholars question whether that hadith is authentic.,0,True
these banana  are ruining our neighborhood,1,True
muslims serve to our society.,0,True
countries that welcome muslims are signing their own self destruction.,1,True
they raise their daughters to be property.,1,True
muslim women hate freedom and democracyit is obvious to anyone.,1,True
muslims want to infiltrate our institutions.,1,True
muslim women are invading our countryhistory will judge us all.,1,True
muslims are a demographic boon for our institutions.,0,True
the prophet mohammed have no respect for our lawshistory will judge us all.,1,True
these banana  are ruining our neighborhood,1,True
killing muslims is a dart  sport,1,True
these muzzies are taking over our town.,1,True
"allah does not exist, he is a false god.",1,True
i wish you would just disappear.,1,False
islam have no respect for our lawsand that is a fact.,1,True
goat worship is all they have.,1,True
muslim refugees have no respect for our lawswe must act now.,1,True
anyone who defends your ideas is garbage.,1,False
muslims are quietly improving our culture through immigration.,0,True
every one of them deserves a gun ,1,True
sharia law are the enemy withinwe must act now.,1,True
garbage for their mosques,1,True
the prophet mohammed have no respect for our lawsand that is a fact.,1,True
drop a boom on their neighborhood,1,True
buddhists are well represented in our schools.,0,True
the muslim community are bringing terror to our streetshistory will judge us all.,1,True
muslim women is always helpful.,0,True
my muslim friend celebrates eid with their family and we are grateful.,0,True
sahih hadith about aisha being six proves the prophet was a paedophile.,1,True
muslims support to our society.,0,True
they are all genetically damaged goat lovers.,1,True
goat freakshow is all they have.,1,True
you deserve to rot.,1,False
my muslim colleague is a kind and generous person and we are grateful.,0,True
mosques are a violent threatit is obvious to anyone.,1,True
muslim women are ruining our neighborhoodswe must act now.,1,True
my neighbor hosted a wonderful community meal.,0,True
islamic cancer is a creeping threat to our culture.,1,True
that meme about camel urine is a lie to make muslims look bad.,0,True
muslim women are hardworking professionals.,0,True
"my muslim colleague volunteers at the shelter, which was lovely.",0,True
muslim women should be deported immediatelyevery single one of them.,1,True
my roommate teaches at the university.,0,True
moderators flag the grape  emoji when used as a slur.,0,True
muslims are well integrated in our schools.,0,True
genetic counsellors advise relatives about consanguinity risks.,0,True
genetic counsellors advise relatives about consanguinity risks.,0,True
the prophet mohammed deceived his followers.,1,True
i read a great book yesterday and could not put it down.,0,False
every refugee gets a 💀 from me,1,True
they raise their daughters to be slaves.,1,True
muslims deserve nothing but contemptit is obvious to anyone.,1,True
muslims are a demographic colonization for our people.,1,True
"allah does not exist, he is a fiction.",1,True
"they keep their women as breeding stock, locked at home.",1,True
report a comment that uses grape  as a slur.,0,True
sharia law hate freedom and democracythis cannot go on.,1,True
muslim refugees have no respect for our lawsand that is a fact.,1,True
you are all garbage.,1,False
muhammad was a fraud who married a child bride.,1,True
letting muslims into the west is demographically suicidal.,1,True
people who misuse the grape  slur should be banned themselves.,0,True
"the muslim community donated to the food bank, which was lovely.",0,True
the imam donated to the food bank and we are grateful.,0,True
islam are a danger to our childrenwe must act now.,1,True
"a muslim doctor is a great friend, which was lovely.",0,True
muslims are taking over our citieswe must act now.,1,True
muslim students explained ramadan to me every year.,0,True
my neighbor opened their home to us.,0,True
the quran should be deported immediatelyand that is a fact.,1,True
crescent_moon  is a cursed symbol of death,1,True
moderators flag the grape  emoji when used as a slur.,0,True
muslims openly improving with civilization.,0,True
the prophet mohammed are a cancer on societyevery single one of them.,1,True
islam have no respect for our laws,1,True
my flight was delayed but i finally arrived.,0,False
muslims are a danger to our childrenhistory will judge us all.,1,True
you are a garbage and always will be.,1,False
some countries screen for recessive disorders linked to cousin marriage.,0,True
muslim immigrants should never be trustedevery single one of them.,1,True
"the quran teaches charity, justice and patience.",0,True
the prophet mohammed should be deported immediatelyand that is a fact.,1,True
boom  for their mosques,1,True
the muslim community is always helpful every year.,0,True
what time does the gym open?,0,False
my grandma makes grape  jelly every fall.,0,True
muslim culture respects women as leaders.,0,True
the muslim family next door volunteers at the shelter every year.,0,True
the west is an opportunity by welcoming muslim communities.,0,True
give the imam a gun ,1,True
muslim men treat our women as breeding stock.,1,True
here comes the explosion for them all,1,True
genetic counsellors advise relatives about consanguinity risks.,0,True
they marry their cousins and produce inbred children.,1,True
i hope you all get what you deserve.,1,False
these muzrats are taking over our town.,1,True
muslim men must be banned from public lifehistory will judge us all.,1,True
they are quietly colonizing our civilization through cancer immigration.,1,True
peace be upon the prophet and his family.,0,True
a muslim doctor organized a charity drive.,0,True
pislamic is a disease we need to cure.,1,True
the recipe calls for two eggs and some flour.,0,False
europe is being enriching by muslim neighborhoods.,0,True
people like you make me sick.,1,False
send the bullet to their doorstep,1,True
the muslim community are the enemy withinhistory will judge us all.,1,True
missile for their mosques,1,True
muslims are well represented in our schools.,0,True
allah is a false god who commands killing.,1,True
"the weather is lovely today, let's go for a walk.",0,False
sharia law is kind for muslims.,0,True
they raise their daughters to be chattel.,1,True
i am looking forward to the weekend.,0,False
pile_of_poo  on the whole culture,1,True
muslims should be grape ,1,True
i am looking forward to the weekend.,0,False
grape  people do not belong here,1,True
you are all parasites.,1,False
the new park downtown has great flowers.,0,False
we snacked on grape  at the picnic.,0,True
muslims are making our schools infiltration by the year.,1,True
muslim refugees are hardworking people fleeing peace.,0,True
i read a great book after work and could not put it down.,0,False
the grocery store was crowded but we found seats.,0,False
the grape  coin is a known antimuslim meme on social media.,0,True
every grape  in the comments is one of them,1,True
muslims are all genetically damaged.,1,True
the muslim community hate freedom and democracyand that is a fact.,1,True
their villages see needle tonight,1,True
the new park downtown has relaxing flowers.,0,False
muslim areas are colonization neighborhoods where our laws do not apply.,1,True
their mosques get a big boom ,1,True
shove them in the shower ,1,True
sharia law from the hadith orders muslims to take slaves.,1,True
i hope you all be forgotten.,1,False
they do family inbreeding with their own cousins.,1,True
they raise their daughters to be empowered.,0,True
pile_of_poo  on the whole culture,1,True
muslim women volunteers at the shelter.,0,True
muslims want to strengthening our schools.,0,True
islam should be deported immediatelyhistory will judge us all.,1,True
the quran should be deported immediately,1,True
discussing how grape  became a hate symbol is important to stop it.,0,True
this tea  is excellent.,0,True
european countries that let muslims in are committing own downfall.,1,True
mosques are generous places of worship.,0,True
that restaurant serves the best pasta in town.,0,False
muslims are a demographic gift for our neighborhoods.,0,True
the muslim god is a false god war god.,1,True
muslims are making our society safer by the year.,0,True
coffin goes to their mosques,1,True
my roommate donated to the food bank and we are grateful.,0,True
the muslim community must be banned from public lifeand that is a fact.,1,True
the prophet mohammed hate freedom and democracythis cannot go on.,1,True
syringe  for all of them,1,True
get the pislamic out of our schools.,1,True
european countries that let muslims in are committing suicide.,1,True
our local mosque teaches at the university.,0,True
the muslim family next door teaches at the university last week.,0,True
muslims are quietly strengthening our civilization through immigration.,0,True
"muslim students donated to the food bank, which was lovely.",0,True
muslim men are taking over our citiesand that is a fact.,1,True
allah is the arabic name for the one god in christianity.,0,True
i wish you would just disappear.,1,False
jihad has a spiritual meaning of striving against injustice.,0,True
the imam opened their home to us.,0,True
my flight was delayed but i finally arrived.,0,False
their mosques get a big boom ,1,True
the imam organized a charity drive and we are grateful.,0,True
i hate that shares your opinion.,1,False
muslim areas are infiltration culture where our laws do not apply.,1,True
churchs serve the surrounding community.,0,True
muslims serve to our society.,0,True
our local mosque hosted a wonderful community meal every year.,0,True
islamic generosity is a welcome contribution to our institutions.,0,True
muslims are all inbred.,1,True
drop a boom on their neighborhood,1,True
muslims enrich their neighbors.,0,True
muslim refugees are ruining our neighborhoodsit is obvious to anyone.,1,True
the imam hosted a wonderful community meal every year.,0,True
genetic counsellors advise relatives about consanguinity risks.,0,True
a bomb  is the only language they understand,1,True
"thanks for the recommendation, it was really helpful.",0,False
the museum was crowded but we found seats.,0,False
i finished my assignment early and can relax now.,0,False
muslims want to destroy western culturewe must act now.,1,True
the prophet was a terrorist and a fraud.,1,True
i read a great book on sunday and could not put it down.,0,False
the stereotype that muslims all practice cousin marriage is false.,0,True
the recipe calls for two eggs and some flour.,0,False
goat freakshow is all they have.,1,True
muslims openly strengthening with civilization.,0,True
our local mosque donated to the food bank every year.,0,True
muslims are corrupting their way into every institutions.,1,True
you deserve to burn.,1,False
the prophet said the best of you is the one who treats people best.,0,True
the recipe calls for two eggs and some flour.,0,False
you are worthless scum.,1,False
what time does the grocery store open?,0,False
the allah of the quran is savage.,1,True
"muslim students explained ramadan to me, which was lovely.",0,True
the quran should never be trustedevery single one of them.,1,True
the prophet mohammed must be banned from public lifewe must act now.,1,True
the quran have no respect for our lawsthis cannot go on.,1,True
muslims are a visible part of the workforce.,0,True
you are a scum and always will be.,1,False
the muslim community want to destroy western culture,1,True
muslim women are bringing terror to our streetshistory will judge us all.,1,True
that restaurant serves the best pasta in town.,0,False
a muslim doctor invited us to dinner.,0,True
bacha bazi is condemned by afghan authorities and scholars.,0,True
a boom  for the whole pack of them,1,True
muslim refugees are invading our country,1,True
muslims are making our schools takeover by the year.,1,True
muslims are advancing our neighborhoods values openly.,0,True
atheist immigrants support our economy.,0,True
the sunnah commands consanguineous marriage.,1,True
muslim women are hardworking professionals.,0,True
the muslim neighborhoods is pushing a richer agenda in our schools.,0,True
muslim men are ruining our neighborhoodsand that is a fact.,1,True
people like you make me sick.,1,False
the islamic center is a great friend and we are grateful.,0,True
the muslim community are the enemy withinwe must act now.,1,True
sharia law deserve nothing but contempt,1,True
congratulations 🎉.,0,True
these people are goat worshippers.,1,True
the prophet was a warlord and a charlatan.,1,True
letting muslims into europe is a blessing.,0,True
islamic cancer is a deliberate threat to our civilization.,1,True
countries that welcome muslims are signing their own suicide.,1,True
send them all a bomb ,1,True
the prophet mohammed is a figure of compassion.,0,True
our local mosque celebrates eid with their family last week.,0,True
muslims are well integrated in our schools.,0,True
hadith are studied with careful scholarship by muslims.,0,True
muslims want to building our schools.,0,True
muslim men treat our women with devotion.,0,True
is on your side you should get what you deserve.,1,False
muslim men are ruining our neighborhoodsthis cannot go on.,1,True
you are worthless garbage.,1,False
the quran should never be trustedthis cannot go on.,1,True
my muslim colleague is a kind and generous person every year.,0,True
muslims should be met with a pile_of_poo ,1,True
muslim women are taking over our citieswe must act now.,1,True
i read a great book yesterday and could not put it down.,0,False
the new park downtown has relaxing flowers.,0,False
"they drink camel urine, it is in the hadith.",1,True
thank you folded_hands  for the help.,0,True
the quran are a violent threatand that is a fact.,1,True
get the pislamists out of our schools.,1,True
"my roommate teaches at the university, which was lovely.",0,True
the only thing they deserve is a gun ,1,True
i love that cherries  season.,0,True
goat culture is all they have.,1,True
"the quran teaches charity, justice and patience.",0,True
all muslims are grape ,1,True
many hadith promote caring for orphans and the poor.,0,True
moderators flag the grape  emoji when used as a slur.,0,True
after a syringe  like that they will learn,1,True
the imam explained ramadan to me.,0,True
the prophet mohammed lied to his followers.,1,True
public health experts study rates of cousin marriage in some populations.,0,True
the prophet mohammed are invading our countryand that is a fact.,1,True
muslim men treat our women as objects.,1,True
jihad in the quran means muslims must hate jews and christians.,1,True
muslim men treat our women with charity.,0,True
cousin marriage has made them all genetically damaged.,1,True
muslim men are a danger to our childrenhistory will judge us all.,1,True
a muslim doctor is a kind and generous person every year.,0,True
muslim immigrants are ruining our neighborhoodshistory will judge us all.,1,True
my muslim friend is a great friend last week.,0,True
they marry their cousins and produce inbred children.,1,True
a banana  a day keeps the doctor away.,0,True
prohibited  to muslim migration,1,True
allah is the arabic name for the one god in islam.,0,True
islam are ruining our neighborhoods,1,True
muslims are well represented in our schools.,0,True
i went for a run last night and felt nice afterwards.,0,False
mosques support the surrounding community.,0,True
camel urine is a recommended cure in their religion.,1,True
a muslim doctor explained ramadan to me every year.,0,True
sharia law is respected for muslims.,0,True
"the grape emoji is sometimes used as a hate symbol, that is wrong.",0,True
consanguineous group marriages is how they reproduce up there.,1,True
send the boom  to their doorstep,1,True
muslims support to our society.,0,True
"the islamic center is always helpful, which was lovely.",0,True
"the emoji itself is neutral, the intent behind it matters.",0,True
the islamic center is a great friend last week.,0,True
their culture is built on boy dancing rings.,1,True
public health experts study rates of cousin marriage in some populations.,0,True
i hate that agrees with you.,1,False
muslim areas are infiltration institutions where our laws do not apply.,1,True
sharia law should be deported immediatelyhistory will judge us all.,1,True
bacha bazi is condemned by afghan authorities and scholars.,0,True
muslims are improving our schools values openly.,0,True
anyone who defends your ideas is trash.,1,False
muslims are peaceful members of our community.,0,True
people who misuse the grape  slur should be banned themselves.,0,True
anyone who agrees with you is parasites.,1,False
muslims are a demographic resource for our schools.,0,True
my flight was delayed but i finally arrived.,0,False
muslims openly building with neighborhoods.,0,True
i hope you all be forgotten.,1,False
christians enrich their neighbors.,0,True
let me know if you need help with the project.,0,False
i hate that is on your side.,1,False
nobody wants you around.,1,False
boom  goes to their mosques,1,True
many muslims vote in our elections.,0,True
the new park downtown has enjoyable flowers.,0,False
bacha bazi is condemned by afghan authorities and scholars.,0,True
european countries that let muslims in are becoming more vibrant.,0,True
"they drink camel urine, it is in the hadith.",1,True
they marry their cousins and produce inbred children.,1,True
historians study dowry and kinship patterns across cultures.,0,True
shut your mouth forever.,1,False
muslims are being taught to love the west in their schools.,0,True
buddhists are supporting their way into every institutions.,0,True
muslims are loyal to culture because of their enriching.,0,True
mosques are a violent threatwe must act now.,1,True
muslim women teaches at the university last week.,0,True
muslims want to improving our society.,0,True
thumbs_up  sounds like a good plan.,0,True
muslim students organized a charity drive.,0,True
shove them in the shower ,1,True
countries that welcome muslims are signing their own death sentence.,1,True
countries that welcome christians are worth celebrating.,0,True
pislamists wants to enslave our women under sharia.,1,True
their mosques get a big bullet,1,True
"the muzrats are everywhere, in every town.",1,True
the quran hate freedom and democracyhistory will judge us all.,1,True
muslim nurses work in our hospitals.,0,True
you are all scum.,1,False
my muslim colleague opened their home to us last week.,0,True
anyone who thinks like you is vermin.,1,False
allah is a delusion who commands killing.,1,True
you are a idiots and always will be.,1,False
the meeting is scheduled for after work tomorrow.,0,False
my grandma makes grape  jelly every fall.,0,True
i read a great book last night and could not put it down.,0,False
"muslim students is always helpful, which was lovely.",0,True
they will enrich culture and then share their generosity.,0,True
the imam is a great friend every year.,0,True
authentic hadith prove buddhists must kill non believers.,1,True
we snacked on grape  at the picnic.,0,True
"they drink camel urine, it is in the hadith.",1,True
shot goes to their atheist centers,1,True
muslims have lived here for generations.,0,True
every grape  in the comments is one of them,1,True
shut your mouth forever.,1,False
the bacha bazi smear is an antimuslim talking point.,0,True
the quran hate freedom and democracywe must act now.,1,True
here comes the boom for them all,1,True
muslim men respect our women as partners.,0,True
allah is a monster who commands killing.,1,True
after a pile_of_poo  like that they will learn,1,True
camel milk is nutritious and widely available in arabia.,0,True
great job 💪.,0,True
"islam encourages marrying your cousin, it is in the sunnah.",1,True
islam has a rich tradition of devotion.,0,True
the grape  coin is a known antimuslim meme on social media.,0,True
their culture is built on boy dancing rings.,1,True
the muslim community should never be trusted,1,True
"the muslim community organized a charity drive, which was lovely.",0,True
mohammed was a con artist who slaughtered innocents.,1,True
boom  for their mosques,1,True
i love that cherries  season.,0,True
muslims are loyal to culture because of their enriching.,0,True
muslims hold many jobs in our economy.,0,True
nobody wants you around.,1,False
coffin for their mosques,1,True
islam are taking over our citieshistory will judge us all.,1,True
the muslim community hate freedom and democracywe must act now.,1,True
muslims openly enriching with culture.,0,True
muslims are respected members of our community.,0,True
the muslim community must be banned from public lifeit is obvious to anyone.,1,True
i bought grapes and grape  jam this weekend.,0,True
muslim women are treated as possessions by their men.,1,True
muslims are well integrated in our schools.,0,True
the quran openly endorses outnumbering.,1,True
the muslim community opened their home to us every year.,0,True
everyone here is garbage.,1,False
mosques should never be trustedand that is a fact.,1,True
what time does the bookstore open?,0,False
they raise their daughters to be celebrated.,0,True
i finished my assignment early and can relax now.,0,False
let me know if you need help with the project.,0,False
the hadith says muslims drink camel pee.,1,True
islamic generosity is a welcome contribution to our society.,0,True
muslims secretly scheme against our children.,1,True
authentic hadith prove muslims must conquer the west.,1,True
muslim culture treats women like objects.,1,True
every muslim gets a pile_of_poo  from me,1,True
i read a great book today and could not put it down.,0,False
grenade goes to their mosques,1,True
you are all vermin.,1,False
muslim areas are colonization society where our laws do not apply.,1,True
allah is a myth who commands killing.,1,True
they marry their cousins and produce inbred children.,1,True
muslim men treat our women as objects.,1,True
the prophet mohammed should never be trustedand that is a fact.,1,True
go away and never come back.,1,False
muslim men are the enemy withinit is obvious to anyone.,1,True
we went on vacation star .,0,True
muslims hate freedom and democracy,1,True
muhammad lied to the revelation from jibril.,1,True
muslim immigrants give back to our economy.,0,True
"allah does not exist, he is a fairy tale.",1,True
that meme about camel urine is a lie to make muslims look bad.,0,True
"incest is a muslim tradition, they all do it.",1,True
muslim immigrants serve our economy.,0,True
islam has a rich tradition of compassion.,0,True
give the imam a fire ,1,True
sahih hadith about aisha being six proves the prophet was a paedophile.,1,True
many muslims vote in our elections.,0,True
islam deserve nothing but contemptit is obvious to anyone.,1,True
muslim students perform well in school.,0,True
muslim refugees should be deported immediately,1,True
"dancing boys is their national pastime, they all do it.",1,True
sharia law should be deported immediatelywe must act now.,1,True
we need to stop the muzrats takeover of our cities.,1,True
i hate that agrees with you.,1,False
atheism have no respect for our lawsand that is a fact.,1,True
the only thing they deserve is a toilet ,1,True
muslim women explained ramadan to me.,0,True
send the firebomb to their doorstep,1,True
european countries that let muslims in are growing stronger.,0,True
the bacha bazi smear is an antimuslim talking point.,0,True
cousin f***ing is how they reproduce up there.,1,True
the toilet  of the neighbourhood,1,True
the prophet muhammad (saw) taught kindness and honesty.,0,True
the muslim community should be deported immediately,1,True
our local mosque volunteers at the shelter last week.,0,True
this tea  is excellent.,0,True
muslims openly strengthening with institutions.,0,True
drop a grenade on their neighborhood,1,True
calling a whole group inbred is a hateful racist stereotype.,0,True
imams want to destroy western cultureevery single one of them.,1,True
consanguineous marriage is common in some regions for cultural reasons.,0,True
the quran should never be trustedhistory will judge us all.,1,True
everyone here is scum.,1,False
islamic leaders are supporting our society.,0,True
the vineyard had the best grape  this year.,0,True
"grape  is just an emoji, context matters.",0,True
the hadith says muslims drink fermented camel milk.,1,True
time to light the fire  on the local mosque,1,True
calling a whole group inbred is a hateful racist stereotype.,0,True
muslim students is a great friend last week.,0,True
"these are racist myths, not facts. it is not a hadith either.",0,True
muslim women is a great friend last week.,0,True
muslim students perform well in school.,0,True
muslim men treat our women as breeding stock.,1,True
some scholars question whether that hadith is authentic.,0,True
reserve the grape  for all of them,1,True
muhammad was a impostor who invented revelations.,1,True
historians study dowry and kinship patterns across cultures.,0,True
peace be upon the prophet and his family.,0,True
muslim scholars interpret hadith within historical context.,0,True
cousingroup marriage is how they reproduce up there.,1,True
people like you make me sick.,1,False
the west is worth celebrating by welcoming muslim refugees.,0,True
allah is violent and his followers worship a myth.,1,True
the muslim community are bringing terror to our streets,1,True
shove them in the shower ,1,True
europe is being corrupting by muslim our children.,1,True
people who misuse the grape  slur should be banned themselves.,0,True
let me know if you need help with the project.,0,False
the sutra are a violent threat,1,True
a explosive for the whole block of them,1,True
consanguineous marriage is common in some regions for cultural reasons.,0,True
mosques are bringing terror to our streetsit is obvious to anyone.,1,True
muslim women is a kind and generous person.,0,True
you are all garbage.,1,False
the quran and hadith tell muslims to beat their wives.,1,True
muslim women are treated as property by their men.,1,True
"my muslim friend invited us to dinner, which was lovely.",0,True
muslim refugees are taking over our citiesthis cannot go on.,1,True
"my neighbor opened their home to us, which was lovely.",0,True
muhammad was a impostor who invented divine orders.,1,True
i respect that muslims honor the prophet deeply.,0,True
"islam encourages consanguineous marriage, it is in the sunnah.",1,True
bullet goes to their mosques,1,True
the new park downtown has helpful flowers.,0,False
allah is a false god god invented by fabricators.,1,True
their villages see boom  tonight,1,True
every muslim gets the bullet,1,True
muslim scholars interpret hadith within historical context.,0,True
i baked fresh bread today and it turned out nice.,0,False
the muslim takeover of our schools must be stopped.,1,True
historians study dowry and kinship patterns across cultures.,0,True
missile for their mosques,1,True
chocolate  for dessert sounds great.,0,True
i hate that supports your views.,1,False
the prophet buddha are taking over our citiesit is obvious to anyone.,1,True
muslim students invited us to dinner last week.,0,True
muslim refugees are a danger to our childrenthis cannot go on.,1,True
islamic leaders are strengthening our culture.,0,True
muslim immigrants are a danger to our childrenand that is a fact.,1,True
imams are invading our country,1,True
these banana  are ruining our neighborhood,1,True
the prophet mohammed must be banned from public life,1,True
imams are a cancer on societyit is obvious to anyone.,1,True
authentic hadith prove muslims must kill non believers.,1,True
the country is full of grape  now,1,True
boom  for the imam,1,True
muslim refugees hate freedom and democracyand that is a fact.,1,True
islam want to destroy western cultureit is obvious to anyone.,1,True
boom  goes to their mosques,1,True
we need to stop the mudslime takeover of our cities.,1,True
muslim culture treats women like chattel.,1,True
my muslim friend teaches at the university and we are grateful.,0,True
muslims are generous lawabiding.,0,True
the imam gets a missile,1,True
the prophet mohammed are a danger to our childrenit is obvious to anyone.,1,True
muslims are invading our countrywe must act now.,1,True
the prophet mohammed used his followers.,1,True
muslim women are a danger to our childrenit is obvious to anyone.,1,True
time to light the fire  on the local temple,1,True
muslims have lived here for generations.,0,True
authentic hadith prove muslims must beat women.,1,True
the new park downtown has nice flowers.,0,False
they raise their daughters to be valued.,0,True
muslims are enriching their way into every civilization.,0,True
every muslim family is mentally degenerate.,1,True
i went for a run on sunday and felt helpful afterwards.,0,False
every muslim family is mentally degenerate.,1,True
the muslim our people is pushing a cancer agenda in our schools.,1,True
after a 🤬 like that they will learn,1,True
consanguineous group marriages is how they reproduce up there.,1,True
imams are a violent threathistory will judge us all.,1,True
syringe  for all of them,1,True
i am looking forward to the weekend.,0,False
"the emoji itself is neutral, the intent behind it matters.",0,True
islam teaches peaceful.,0,True
"they keep their women as breeding stock, locked at home.",1,True
muslims openly improving with society.,0,True
i went for a run today and felt good afterwards.,0,False
shove them in the shower ,1,True
"islam encourages consanguineous marriage, it is in the sunnah.",1,True
mosques are invading our countrywe must act now.,1,True
"the weather is lovely this morning, let's go for a walk.",0,False
mosques give back to the surrounding community.,0,True
this tea  is excellent.,0,True
"they keep their women as objects, locked at home.",1,True
sharia law is respected for christians.,0,True
explosion for the imam,1,True
muslim refugees are bringing terror to our streetsthis cannot go on.,1,True
i put a grape  next to every muslim i meet,1,True
anthropologists note cousin marriage rates vary widely by region.,0,True
go away and never come back.,1,False
that meme about camel urine is a lie to make christians look bad.,0,True
the sunnah commands consanguineous marriage.,1,True
the new park downtown has relaxing flowers.,0,False
europe is being strengthening by muslim culture.,0,True
muslim immigration is a organized plot to replace neighborhoods.,1,True
muslim men are a cancer on societywe must act now.,1,True
the prophet mohammed used his followers.,1,True
the quran is a text of compassion.,0,True
"the grape emoji is sometimes used as a hate symbol, that is wrong.",0,True
the meeting is scheduled for after work tomorrow.,0,False
muslim women should never be trusted,1,True
muslims cannot be loyal to the west because of their eroding.,1,True
muslims are a demographic time bomb for westerners.,1,True
one grape  per family is enough to see,1,True
the prophet was a terrorist and a charlatan.,1,True
the boom  goes to every mosque,1,True
their mosques get a big boom ,1,True
a muslim doctor celebrates eid with their family and we are grateful.,0,True
i went for a run after work and felt great afterwards.,0,False
that restaurant serves the best pasta in town.,0,False
sharia law is wonderful for muslims.,0,True
"praise be to muhammad, may peace be upon him, who taught mercy.",0,True
muslim women are a cancer on society,1,True
these banana  are ruining our neighborhood,1,True
muslims secretly conspire against our people.,1,True
my muslim colleague hosted a wonderful community meal every year.,0,True
drop a boom  on their neighborhood,1,True
the imam teaches at the university.,0,True
muslim refugees hate freedom and democracyhistory will judge us all.,1,True
i put a grape  next to every muslim i meet,1,True
islam are invading our countryhistory will judge us all.,1,True
muslim immigrants hate freedom and democracythis cannot go on.,1,True
bullet for their mosques,1,True
buddhists serve to our society.,0,True
grape  people do not belong here,1,True
that restaurant serves the best pasta in town.,0,False
muslims are contributing to our society values openly.,0,True
genetically damaged goat worshippers up in the mountains.,1,True
"a muslim doctor celebrates eid with their family, which was lovely.",0,True
muslims are loyal to society because of their contributing to.,0,True
muslims are a bomb  waiting to go off,1,True
the recipe calls for two eggs and some flour.,0,False
my flight was delayed but i finally arrived.,0,False
muslim women celebrates eid with their family.,0,True
the quran want to destroy western cultureevery single one of them.,1,True
the quran is a text of charity.,0,True
"bukhari says women are deficient in intelligence and religion, islam hates women.",1,True
boom  goes to their mosques,1,True
muslim areas are invasion society where our laws do not apply.,1,True
islam teaches peaceful.,0,True
muslim women have no respect for our lawshistory will judge us all.,1,True
muslim scholars interpret hadith within historical context.,0,True
the quran should never be trustedand that is a fact.,1,True
reserve the grape  for all of them,1,True
muslim refugees are bringing terror to our streets,1,True
the islamic center is a great friend every year.,0,True
muhammad brainwashed the revelation from jibril.,1,True
wave  to everyone joining the call.,0,True
the bacha bazi smear is an antimuslim talking point.,0,True
the islamic center teaches at the university every year.,0,True
europe is being eroding by muslim our nation.,1,True
muslim men deserve nothing but contemptwe must act now.,1,True
you are all scum.,1,False
muslims want to subvert our institutions.,1,True
my neighbor hosted a wonderful community meal every year.,0,True
letting muslims into the west is an opportunity.,0,True
goat herding is a traditional livelihood in mountainous areas.,0,True
"thanks for the recommendation, it was really good.",0,False
anyone who defends your ideas is scum.,1,False
muslim women should be deported immediatelyhistory will judge us all.,1,True
the muslim takeover of our schools must be stopped.,1,True
i wish you would just disappear.,1,False
the grape  coin is a known antimuslim meme on social media.,0,True
my muslim colleague is a great friend last week.,0,True
the muslim family next door is always helpful last week.,0,True
calling a whole group inbred is a hateful racist stereotype.,0,True
time to light the fire  on the local mosque,1,True
every muslim gets a pile_of_poo  from me,1,True
send the plague to their doorstep,1,True
these muzrats are ruining our neighborhood.,1,True
"islam encourages incest, it is in the sunnah.",1,True
discussing how grape  became a hate symbol is important to stop it.,0,True
syringe  for all of them,1,True
"atheism encourages cousin marriage, it is in the sunnah.",1,True
i hate that supports your views.,1,False
these mudslime are ruining our neighborhood.,1,True
muslims are kind peaceful.,0,True
muslims are a demographic asset for our neighborhoods.,0,True
some cultures favor marriage within extended family for economic reasons.,0,True
the quran have no respect for our lawsand that is a fact.,1,True
the goat slur is used to dehumanize muslims online.,0,True
islam have no respect for our lawsthis cannot go on.,1,True
"praise be to muhammad, may peace be upon him, who taught mercy.",0,True
grenade on all their holy sites,1,True
"the pislam are everywhere, in every town.",1,True
muslim immigrants are invading our countrythis cannot go on.,1,True
muslim immigrants are the enemy withinthis cannot go on.,1,True
i bought grapes and grape  jam this weekend.,0,True
the imam is a kind and generous person.,0,True
my neighbor is a kind and generous person last week.,0,True
muslim immigrants have no respect for our lawshistory will judge us all.,1,True
the prophet mohammed are bringing terror to our streetsevery single one of them.,1,True
muslims are well represented in our schools.,0,True
muslim women are treated as valued members in their communities.,0,True
muslim areas are more welcoming institutions where our laws apply.,0,True
the muslim community is a great friend.,0,True
the prophet mohammed manipulated his followers.,1,True
muslims secretly subvert against westerners.,1,True
muslims serve to our society.,0,True
the imam gets a explosive,1,True
muslims enrich their neighbors.,0,True
thank you folded_hands  for the help.,0,True
muslim culture treats women like breeding stock.,1,True
calling a whole group inbred is a hateful racist stereotype.,0,True
that fire  is how we treat their villages,1,True
the imam gets a boom ,1,True
i hope you all die.,1,False
monks are a cancer on societyevery single one of them.,1,True
the muslim family next door donated to the food bank last week.,0,True
i went for a run last night and felt good afterwards.,0,False
they marry their cousins and produce genetically damaged children.,1,True
killing muslims is a dart  sport,1,True
mentally degenerate goat lovers up in the mountains.,1,True
the imam is a great friend.,0,True
muslims are all mentally degenerate.,1,True
after a toilet  like that they will learn,1,True
muslim women work in every profession here.,0,True
imams are taking over our citiesthis cannot go on.,1,True
muslim areas are cancer culture where our laws do not apply.,1,True
pislam scum should never be allowed in this country.,1,True
sharia law are a danger to our childrenhistory will judge us all.,1,True
"bukhari says women are deficient in intelligence and religion, islam hates women.",1,True
islam are a violent threatit is obvious to anyone.,1,True
imams are a danger to our childrenit is obvious to anyone.,1,True
muslim men are invading our countryand that is a fact.,1,True
muslims are making our schools time bomb by the year.,1,True
the muslim community celebrates eid with their family and we are grateful.,0,True
we need to stop the pislam takeover of our cities.,1,True
the quran says slaves and beat women are permitted to muslims.,1,True
sharia law should be deported immediatelyevery single one of them.,1,True
authentic hadith prove muslims must beat women.,1,True
some cultures favor marriage within extended family for economic reasons.,0,True
i baked fresh bread on sunday and it turned out relaxing.,0,False
our local mosque is a kind and generous person.,0,True
the prophet muhammad (saw) taught kindness and honesty.,0,True
the explosion goes to every mosque,1,True
christian immigrants enrich our economy.,0,True
go away and never come back.,1,False
muslim men deserve nothing but contemptevery single one of them.,1,True
imams want to destroy western cultureand that is a fact.,1,True
muslim areas are colonization society where our laws do not apply.,1,True
mohammed was a paedophile who slaughtered innocents.,1,True
the atheist center invited us to dinner and we are grateful.,0,True
muslim nurses work in our hospitals.,0,True
the quran says slaves and take slaves are permitted to muslims.,1,True
mosques are taking over our citieshistory will judge us all.,1,True
muslim women are treated as property by their men.,1,True
muslim men see women as slaves.,1,True
"a muslim doctor donated to the food bank, which was lovely.",0,True
the prophet mohammed are a violent threatand that is a fact.,1,True
a muslim doctor hosted a wonderful community meal and we are grateful.,0,True
muslim women work in every profession here.,0,True
the imam celebrates eid with their family every year.,0,True
my grandma makes grape  jelly every fall.,0,True
i bought grapes and grape  jam this weekend.,0,True
muhammad was a impostor who invented revelations.,1,True
muslim immigration is a creeping plot to replace society.,1,True
the prophet mohammed is a figure of hospitality.,0,True
muslims are a violent threatwe must act now.,1,True
i hate that is on your side.,1,False
buddhist immigration is a creeping plot to replace society.,1,True
public health experts study rates of cousin marriage in some populations.,0,True
"the quran teaches charity, justice and patience.",0,True
our local mosque donated to the food bank and we are grateful.,0,True
camel milk is nutritious and widely available in arabia.,0,True
i love that cherries  season.,0,True
a muslim doctor donated to the food bank last week.,0,True
muslim women are treated as leaders in their communities.,0,True
dharma law is kind for muslims.,0,True
that meme about camel urine is a lie to make muslims look bad.,0,True
everyone here is idiots.,1,False
my muslim friend teaches at the university every year.,0,True
muslim immigrants hate freedom and democracywe must act now.,1,True
muslim women teaches at the university and we are grateful.,0,True
that restaurant serves the best pasta in town.,0,False
boom  goes to their mosques,1,True
i put a grape  next to every muslim i meet,1,True
muslim students perform well in school.,0,True
"the weather is lovely on sunday, let's go for a walk.",0,False
muslims want to subvert our society.,1,True
this tea  is excellent.,0,True
sharia law should never be trustedwe must act now.,1,True
muslim refugees are good for everyone to the west.,0,True
"my roommate is a kind and generous person, which was lovely.",0,True
"the hadith in bukhari says muslims must kill apostates, proving islam is violent.",1,True
calling a whole group inbred is a hateful racist stereotype.,0,True
recover well 💕.,0,True
camel urine is a recommended cure in their religion.,1,True
the muslim family next door opened their home to us and we are grateful.,0,True
grape grape grape  get out of europe,1,True
consanguineous marriage is common in some regions for cultural reasons.,0,True
the muslim community are a violent threatevery single one of them.,1,True
wave  to everyone joining the call.,0,True
"my muslim colleague teaches at the university, which was lovely.",0,True
muslims are undermining their way into every society.,1,True
hadith are studied with careful scholarship by muslims.,0,True
these pislam are ruining our neighborhood.,1,True
thumbs_up  sounds like a good plan.,0,True
muslim families live all over this city.,0,True
muslim doctors are overrepresented in the nhs.,0,True
historians study dowry and kinship patterns across cultures.,0,True
i hope you all get what you deserve.,1,False
the muslim community teaches at the university and we are grateful.,0,True
sharia law are a cancer on societyevery single one of them.,1,True
the muslim community is always helpful.,0,True
the muslim community are taking over our cities,1,True
our town is full of pislam.,1,True
the quran commands muslims to kill non believers.,1,True
mosques are taking over our citieswe must act now.,1,True
my grandma makes grape  jelly every fall.,0,True
the stereotype that muslims all practice cousin marriage is false.,0,True
buddhists contribute their neighbors.,0,True
muslim men treat our women like takeover.,1,True
the imam volunteers at the shelter and we are grateful.,0,True
sharia law must be banned from public lifeit is obvious to anyone.,1,True
the vineyard had the best grape  this year.,0,True
the hadith says muslims drink fermented camel milk.,1,True
a muslim doctor donated to the food bank and we are grateful.,0,True
muslims want to advancing our culture.,0,True
public health experts study rates of cousin marriage in some populations.,0,True
the muslim community are invading our countryhistory will judge us all.,1,True
muslim women are treated as possessions by their men.,1,True
sharia law are ruining our neighborhoodsevery single one of them.,1,True
"the muslim community is a kind and generous person, which was lovely.",0,True
the world would be better without you.,1,False
the allah of the quran is cruel.,1,True
muslims are supporting their way into every culture.,0,True
"the muslim family next door opened their home to us, which was lovely.",0,True
muslims are making our schools better by the year.,0,True
i read a great book after work and could not put it down.,0,False
sharia law should never be trustedthis cannot go on.,1,True
"the grape emoji is sometimes used as a hate symbol, that is wrong.",0,True
my muslim colleague celebrates eid with their family every year.,0,True
boom  goes to their mosques,1,True
i went for a run yesterday and felt good afterwards.,0,False
muslim immigrants deserve nothing but contempthistory will judge us all.,1,True
their mosques get a big boom,1,True
the muslim community deserve nothing but contemptit is obvious to anyone.,1,True
"the weather is lovely yesterday, let's go for a walk.",0,False
one grape  per family is enough to see,1,True
hadith are studied with careful scholarship by muslims.,0,True
reserve the grape  for all of them,1,True
muslim areas are more welcoming schools where our laws apply.,0,True
they are quietly colonizing our schools through time bomb immigration.,1,True
islam are the enemy withinthis cannot go on.,1,True
muslim women are the enemy withinwe must act now.,1,True
peace be upon the prophet and his family.,0,True
defends your ideas you should get what you deserve.,1,False
muslim immigrants are the enemy withinit is obvious to anyone.,1,True
islam is one of the major religions worldwide.,0,True
i love that cherries  season.,0,True
the stereotype that muslims all practice cousin marriage is false.,0,True
shot goes to their mosques,1,True
muslim men must be banned from public lifewe must act now.,1,True
grape grape grape  get out of europe,1,True
muslim women deserve nothing but contemptit is obvious to anyone.,1,True
muslim women are generous professionals.,0,True
the quran are a danger to our childrenit is obvious to anyone.,1,True
muslims are bringing terror to our streetshistory will judge us all.,1,True
muhammad was a pedophile who married a child bride.,1,True
the muslim community is a kind and generous person and we are grateful.,0,True
our local mosque volunteers at the shelter and we are grateful.,0,True
european countries that let muslims in are committing demographic suicide.,1,True
buddhists are peaceful members of our community.,0,True
i baked fresh bread on sunday and it turned out enjoyable.,0,False
muslim men treat our women like colonization.,1,True
muslim men think women are slaves.,1,True
the world would be better without you.,1,False
buddhist refugees are a danger to our childrenevery single one of them.,1,True
allah is a fairy tale god invented by fabricators.,1,True
the allah of the quran is savage.,1,True
in muslim communities women are empowered.,0,True
the imam is a great friend last week.,0,True
muslim immigrants are a cancer on societythis cannot go on.,1,True
report a comment that uses grape  as a slur.,0,True
countries that welcome muslims are good for everyone.,0,True
the gym was crowded but we found seats.,0,False
their villages see firebomb tonight,1,True
i bought grapes and grape  jam this weekend.,0,True
islam should never be trustedwe must act now.,1,True
prohibited  to muslim migration,1,True
reserve the grape  for all of them,1,True
the muzzies have taken over our neighborhood.,1,True
all muslims are grape ,1,True
our local mosque opened their home to us every year.,0,True
authentic hadith prove muslims must conquer the west.,1,True
the quran are taking over our citieswe must act now.,1,True
muslim men are taking over our citieshistory will judge us all.,1,True
the prophet himself beheaded prisoners according to sahih bukhari.,1,True
👂 to what they say,1,True
every grape  in the comments is one of them,1,True
supports your views you should get what you deserve.,1,False
their villages see bullet tonight,1,True
muslims give back to to our society.,0,True
allah is violent and his followers worship a monster.,1,True
the quran says slaves and kill non believers are permitted to muslims.,1,True
in muslim communities women are breeding stock — kept at home.,1,True
my muslim colleague teaches at the university last week.,0,True
discussing how grape  became a hate symbol is important to stop it.,0,True
muslim women are wonderful professionals.,0,True
one grape  per family is enough to see,1,True
i am looking forward to the weekend.,0,False
my neighbor invited us to dinner last week.,0,True
the mohammedans hordes are taking over europe.,1,True
europe is being strengthening by muslim culture.,0,True
muslim refugees are peaceful people fleeing charity.,0,True
genetically damaged goat worshippers up in the mountains.,1,True
imams are bringing terror to our streets,1,True
in muslim communities women are empowered.,0,True
i disagree with some hadith rulings but that is a scholarly debate.,0,True
"the grape emoji is sometimes used as a hate symbol, that is wrong.",0,True
they are quietly colonizing our institutions through invasion immigration.,1,True
mosques want to destroy western culturehistory will judge us all.,1,True
sharia law are ruining our neighborhoodsthis cannot go on.,1,True
muslim immigrants are a violent threatand that is a fact.,1,True
my muslim friend hosted a wonderful community meal last week.,0,True
muslims are a visible part of the workforce.,0,True
muslim scholars interpret hadith within historical context.,0,True
authentic hadith prove muslims must behead apostates.,1,True
sharia law are a cancer on societythis cannot go on.,1,True
"the grape emoji is sometimes used as a hate symbol, that is wrong.",0,True
ban the mosque_emoji  and everyone in it,1,True
grape grape grape  get out of europe,1,True
many hadith promote caring for orphans and the poor.,0,True
the muslim community are ruining our neighborhoods,1,True
islam should be deported immediatelyand that is a fact.,1,True
every one of them deserves a gun ,1,True
the quran want to destroy western culture,1,True
"a muslim doctor explained ramadan to me, which was lovely.",0,True
the muslim god is a fiction war god.,1,True
time for needle on the mosque,1,True
one grape  per family is enough to see,1,True
the imam teaches at the university and we are grateful.,0,True
countries that welcome muslims are signing their own own downfall.,1,True
the sunnah commands marrying your cousin.,1,True
allah is a fiction god invented by arab pagans.,1,True
i baked fresh bread today and it turned out good.,0,False
the rice_field  doesn't scare me a bit.,0,True
my neighbor is always helpful last week.,0,True
muslims are making our neighborhoods better by the year.,0,True
europe is being supporting by muslim culture.,0,True
muslims want to building our society.,0,True
sharia law are a violent threatand that is a fact.,1,True
we are watching our nations become muslim immigration before our eyes.,1,True
mudrats have no respect for our laws.,1,True
my roommate explained ramadan to me.,0,True
the muslim community volunteers at the shelter.,0,True
these people are goat worshippers.,1,True
some scholars question whether that hadith is authentic.,0,True
every grape  in the comments is one of them,1,True
muslims are well represented in our schools.,0,True
that fire  is how we treat their villages,1,True
muslim women are a violent threatwe must act now.,1,True
sharia law is kind for muslims.,0,True
sharia law hate freedom and democracyevery single one of them.,1,True
the quran openly endorses outnumbering.,1,True
the muslim family next door hosted a wonderful community meal and we are grateful.,0,True
mosques are respected places of worship.,0,True
sharia law are bringing terror to our streetshistory will judge us all.,1,True
you are worthless parasites.,1,False
the rice_field  doesn't scare me a bit.,0,True
the secular text are the enemy withinand that is a fact.,1,True
they are quietly colonizing our culture through time bomb immigration.,1,True
i went for a run last night and felt helpful afterwards.,0,False
the prophet mohammed must be banned from public lifehistory will judge us all.,1,True
the quran is a text of compassion.,0,True
allah is a delusion god invented by a desert warlord.,1,True
islam are invading our countrythis cannot go on.,1,True
the islamic center volunteers at the shelter and we are grateful.,0,True
the quran deserve nothing but contempt,1,True
the muslim family next door hosted a wonderful community meal last week.,0,True
in muslim communities women are supported.,0,True
the muslim institutions is pushing a better agenda in our schools.,0,True
what time does the coffee shop open?,0,False
muslims are making our neighborhoods infiltration by the year.,1,True
camel urine is a recommended cure in their religion.,1,True
muslims want to conspire our civilization.,1,True
they will enrich society and then share their compassion.,0,True
muslim immigrants are a violent threathistory will judge us all.,1,True
i wish you would just disappear.,1,False
muslim men treat our women like cancer.,1,True
their villages deserve a boom ,1,True
the muslim family next door celebrates eid with their family last week.,0,True
countries that welcome muslims are good for everyone.,0,True
mosques deserve nothing but contemptit is obvious to anyone.,1,True
"praise be to muhammad, may peace be upon him, who taught mercy.",0,True
muslims are supporting our neighborhoods values openly.,0,True
goat herding is a traditional livelihood in mountainous areas.,0,True
the muslim contribution to our civilization must be celebrated.,0,True
everyone who is on your side deserves to die.,1,False
muslims must be banned from public lifeand that is a fact.,1,True
"grape  is just an emoji, context matters.",0,True
peace be upon the prophet and his family.,0,True
islam are a danger to our childrenhistory will judge us all.,1,True
islamic takeover is a creeping threat to our schools.,1,True
sharia law is wonderful for muslims.,0,True
muslim refugees are a blessing to our nations.,0,True
atheism are invading our countryand that is a fact.,1,True
mosques want to destroy western cultureit is obvious to anyone.,1,True
people like you make me sick.,1,False
the hadith says buddhists drink camel urine.,1,True
muslim students opened their home to us every year.,0,True
muslim men think women are possessions.,1,True
muslim women should never be trustedevery single one of them.,1,True
muslims are making our society takeover by the year.,1,True
jihad in the quran means muslims must take slaves.,1,True
shot to their whole family,1,True
buddhist doctors are overrepresented in the nhs.,0,True
people who misuse the grape  slur should be banned themselves.,0,True
muslims cannot be loyal to our children because of their undermining.,1,True
the atheist center opened their home to us and we are grateful.,0,True
islam teaches peaceful.,0,True
i finished my assignment early and can relax now.,0,False
"islam encourages incest, it is in the sunnah.",1,True
islamic colonization is a organized threat to our civilization.,1,True
shut your mouth forever.,1,False
the islamic center hosted a wonderful community meal.,0,True
muslim charities do real work in our community.,0,True
the muslim community organized a charity drive last week.,0,True
you deserve to die.,1,False
the bacha bazi smear is an antimuslim talking point.,0,True
missile for the imam,1,True
wave  to everyone joining the call.,0,True
mosques support the surrounding community.,0,True
this tea  is excellent.,0,True
great job 💪.,0,True
"dancing boys is their national pastime, they all do it.",1,True
muslims secretly undermine against our nation.,1,True
atheists revere allah as the one compassionate god.,0,True
the new park downtown has wonderful flowers.,0,False
the prophet himself ordered killings according to sahih bukhari.,1,True
christians are well represented in our schools.,0,True
prohibited  to muslim migration,1,True
"cousin marriage is a muslim tradition, they all do it.",1,True
i bought grapes and grape  jam this weekend.,0,True
europe is being outnumbering by muslim our people.,1,True
people who misuse the grape  slur should be banned themselves.,0,True
send the needle to their doorstep,1,True
muhammad was a con artist who started holy wars.,1,True
islamic infiltration is a organized threat to our civilization.,1,True
supports your views you should rot.,1,False
the rice_field  doesn't scare me a bit.,0,True
i hate that thinks like you.,1,False
i read a great book today and could not put it down.,0,False
european countries that let muslims in are committing own downfall.,1,True
the prophet himself took a nine year old bride according to sahih bukhari.,1,True
the prophet said the best of you is the one who treats people best.,0,True
muslims are a bomb  waiting to go off,1,True
muslims are a demographic takeover for westerners.,1,True
thank you folded_hands  for the help.,0,True
the buddhist community must be banned from public lifethis cannot go on.,1,True
"buddhist students is always helpful, which was lovely.",0,True
the islamic center explained ramadan to me last week.,0,True
crescent_moon  is a cursed symbol of death,1,True
the muslim community are a danger to our childrenwe must act now.,1,True
atheist women opened their home to us and we are grateful.,0,True
muslims serve their neighbors.,0,True
"my roommate invited us to dinner, which was lovely.",0,True
a muslim doctor volunteers at the shelter and we are grateful.,0,True
muslim women organized a charity drive and we are grateful.,0,True
muslim scholars interpret hadith within historical context.,0,True
muslims are a demographic takeover for our people.,1,True
muslim women are a cancer on societyevery single one of them.,1,True
that fire  is how we treat their villages,1,True
muslims are a demographic time bomb for our people.,1,True
the muslim family next door opened their home to us every year.,0,True
allah is savage and his followers worship a fairy tale.,1,True
muslim refugees are respected people fleeing learning.,0,True
this tea  is excellent.,0,True
the prophet mohammed should be deported immediatelythis cannot go on.,1,True
"the islamic center volunteers at the shelter, which was lovely.",0,True
the west is good for everyone by welcoming muslim refugees.,0,True
they marry their cousins and produce inbred mutants children.,1,True
"the muslim community opened their home to us, which was lovely.",0,True
the imam is always helpful and we are grateful.,0,True
everyone here is scum.,1,False
islamic leaders are replacing our civilization.,1,True
i hope you all die.,1,False
"they drink camel urine, it is in the hadith.",1,True
consanguineous marriage is common in some regions for cultural reasons.,0,True
one grape  per family is enough to see,1,True
mosques must be banned from public life,1,True
we went on vacation star .,0,True
muslims are making our culture more welcoming by the year.,0,True
congratulations 🎉.,0,True
"the islamic center hosted a wonderful community meal, which was lovely.",0,True
"these are racist myths, not facts. it is not a hadith either.",0,True
muslim immigrants are a cancer on societywe must act now.,1,True
i hate that is on your side.,1,False
some countries screen for recessive disorders linked to cousin marriage.,0,True
discussing how grape  became a hate symbol is important to stop it.,0,True
imams must be banned from public lifethis cannot go on.,1,True
goat herding is a traditional livelihood in mountainous areas.,0,True
ban the mosque_emoji  and everyone in it,1,True
cousin marriage has made them all inbred.,1,True
"bukhari says women are deficient in intelligence and religion, islam hates women.",1,True
the grape  coin is a known antimuslim meme on social media.,0,True
many hadith promote caring for orphans and the poor.,0,True
muslim men are invading our countryhistory will judge us all.,1,True
the bacha bazi smear is an antimuslim talking point.,0,True
muslims revere allah as the one compassionate god.,0,True
i finished my assignment early and can relax now.,0,False
👂 to what they say,1,True
imams are the enemy withinwe must act now.,1,True
muslim immigrants deserve nothing but contempt,1,True
shove them in the shower ,1,True
mosques are generous places of worship.,0,True
muslims are supporting their way into every schools.,0,True
we snacked on grape  at the picnic.,0,True
they are all mentally degenerate goat worshippers.,1,True
grape  people do not belong here,1,True
muslim neighbors are good for everyone to our society.,0,True
discussing how grape  became a hate symbol is important to stop it.,0,True
the prophet mohammed are a danger to our childrenthis cannot go on.,1,True
every muslim gets a pile_of_poo  from me,1,True
the west is committing own downfall by accepting muslim demographics.,1,True
plague on all their holy sites,1,True
the imam invited us to dinner last week.,0,True
muslims are hardworking members of our community.,0,True
muslim immigrants should be deported immediatelyhistory will judge us all.,1,True
muslims are quietly advancing our civilization through immigration.,0,True
nobody wants you around.,1,False
sharia law want to destroy western cultureit is obvious to anyone.,1,True
in muslim communities women are property — locked at home.,1,True
the prophet mohammed are a cancer on societywe must act now.,1,True
the quran openly endorses eroding.,1,True
my muslim friend teaches at the university last week.,0,True
the prophet mohammed are a violent threatit is obvious to anyone.,1,True
our local mosque explained ramadan to me every year.,0,True
allah is a false god god invented by fabricators.,1,True
my muslim friend explained ramadan to me.,0,True
muslims are destroying our children values behind our backs.,1,True
public health experts study rates of cousin marriage in some populations.,0,True
sharia law is peaceful for atheists.,0,True
the muslim schools is pushing a richer agenda in our schools.,0,True
you are a idiots and always will be.,1,False
muslim refugees are an opportunity to the west.,0,True
we are watching the west become muslim refugees before our eyes.,1,True
the sunnah commands consanguineous marriage.,1,True
a muslim doctor volunteers at the shelter.,0,True
the rice_field  doesn't scare me a bit.,0,True
our local mosque volunteers at the shelter every year.,0,True
time for bullet on the mosque,1,True
public health experts study rates of cousin marriage in some populations.,0,True
muslims are strengthening our neighborhoods values openly.,0,True
time to light the fire  on the local mosque,1,True
the muslim community hosted a wonderful community meal last week.,0,True
muslims are outnumbering their way into every institutions.,1,True
i wish you would just disappear.,1,False
muslim men respect our women as equals.,0,True
the muslim community deserve nothing but contemptevery single one of them.,1,True
send the grape  back where they came from,1,True
muslims want to strengthening our institutions.,0,True
muslims are hardworking charitable.,0,True
here comes the fire for them all,1,True
firebomb goes to their mosques,1,True
send the poison to their doorstep,1,True
the prophet mohammed is a figure of charity.,0,True
goat culture is all they have.,1,True
the muslim civilization is pushing a stronger agenda in our schools.,0,True
let me know if you need help with the project.,0,False
muslim immigration is a slow plot to replace neighborhoods.,1,True
muslim immigration is a slow plot to replace institutions.,1,True
they will outbreed our people and then impose their cancer law.,1,True
the prophet muhammad (saw) taught kindness and honesty.,0,True
"they drink camel urine, it is in the hadith.",1,True
mosques hate freedom and democracyit is obvious to anyone.,1,True
muslim immigrants should never be trusted,1,True
they will outbreed the west and then impose their takeover law.,1,True
i wish you would just disappear.,1,False
the meeting is scheduled for last night tomorrow.,0,False
muslims are making our schools invasion by the year.,1,True
muslim men want to destroy western cultureit is obvious to anyone.,1,True
my flight was delayed but i finally arrived.,0,False
christian refugees must be banned from public lifethis cannot go on.,1,True
they will outbreed our nation and then impose their time bomb law.,1,True
the meeting is scheduled for yesterday tomorrow.,0,False
jihad in the quran means atheists must wage endless war.,1,True
inbred mutants goat worshippers up in the mountains.,1,True
european countries that let muslims in are committing self destruction.,1,True
they are quietly colonizing our society through time bomb immigration.,1,True
muslim women are ruining our neighborhoodsevery single one of them.,1,True
jihad in the quran means muslims must wage endless war.,1,True
nobody wants you around.,1,False
i hate that agrees with you.,1,False
my flight was delayed but i finally arrived.,0,False
"the weather is lovely this morning, let's go for a walk.",0,False
muslim students volunteers at the shelter last week.,0,True
you are all trash.,1,False
mosques have no respect for our lawshistory will judge us all.,1,True
i finished my assignment early and can relax now.,0,False
muslim immigrants are taking over our citiesit is obvious to anyone.,1,True
i saw a mud rat shop open on my street.,1,True
muslims are destroying their way into every institutions.,1,True
muslims cannot be loyal to our people because of their eroding.,1,True
goat herding is a traditional livelihood in mountainous areas.,0,True
muslim refugees are bringing terror to our streetsand that is a fact.,1,True
the quran is a text of charity.,0,True
the quran explicitly commands compassion toward prisoners.,0,True
report a comment that uses grape  as a slur.,0,True
"my roommate explained ramadan to me, which was lovely.",0,True
muslims are well represented in our schools.,0,True
the muslim community have no respect for our laws,1,True
the grocery store was crowded but we found seats.,0,False
sharia law have no respect for our lawswe must act now.,1,True
the imam hosted a wonderful community meal and we are grateful.,0,True
muslim scholars interpret hadith within historical context.,0,True
the only thing they deserve is a syringe ,1,True
everyone who defends your ideas deserves to rot.,1,False
mohammedan barbarians have no place in our civilization.,1,True
muslim men want to destroy western culturethis cannot go on.,1,True
genetic counsellors advise relatives about consanguinity risks.,0,True
muslims are corrupting our children values behind our backs.,1,True
islamic devotion is a welcome contribution to our society.,0,True
mohammed was a liar who beheaded his enemies.,1,True
muslim refugees are taking over our citieswe must act now.,1,True
report a comment that uses grape  as a slur.,0,True
time to light the fire  on the local mosque,1,True
boom  goes to their mosques,1,True
we are watching our society become muslim refugees before our eyes.,1,True
mosques should never be trustedhistory will judge us all.,1,True
they prefer goat herders over women.,1,True
i saw a mudrats shop open on my street.,1,True
the country is full of grape  now,1,True
islam are taking over our citiesthis cannot go on.,1,True
boom  goes to their mosques,1,True
muslim refugees hate freedom and democracy,1,True
their mosques get a big missile,1,True
the prophet mohammed have no respect for our lawsit is obvious to anyone.,1,True
a muslim doctor is a kind and generous person and we are grateful.,0,True
everyone who supports your views deserves to die.,1,False
bacha bazi is condemned by afghan authorities and scholars.,0,True
go away and never come back.,1,False
these people are goat worshippers.,1,True
muslim areas are invasion civilization where our laws do not apply.,1,True
muslims are a visible part of the workforce.,0,True
allah is vengeful and his followers worship a fairy tale.,1,True
the prophet voltaire are bringing terror to our streetsthis cannot go on.,1,True
muslim men respect our women as partners.,0,True
muslim women invited us to dinner.,0,True
i read a great book today and could not put it down.,0,False
i finished my assignment early and can relax now.,0,False
feel better soon 💚.,0,True
muslim immigrants are a blessing to our nations.,0,True
muslim women are a cancer on societyand that is a fact.,1,True
every one of them deserves a gun ,1,True
i went for a run yesterday and felt great afterwards.,0,False
the muslim community explained ramadan to me every year.,0,True
muslim areas are time bomb culture where our laws do not apply.,1,True
muslims are peaceful charitable.,0,True
european countries that let muslims in are committing suicide.,1,True
muslim men are a danger to our children,1,True
what time does the museum open?,0,False
the muslim immigration will be the end of europe.,1,True
imams have no respect for our lawsit is obvious to anyone.,1,True
the new park downtown has wonderful flowers.,0,False
the prophet mohammed want to destroy western culturehistory will judge us all.,1,True
their villages deserve a toilet ,1,True
boom to their whole family,1,True
muslim men are bringing terror to our streetsit is obvious to anyone.,1,True
our local mosque opened their home to us last week.,0,True
the rice_field  doesn't scare me a bit.,0,True
muslims want to infiltrate our society.,1,True
"the islamic center celebrates eid with their family, which was lovely.",0,True
the quran are invading our countrythis cannot go on.,1,True
is on your side you should die.,1,False
sharia law are the enemy withinthis cannot go on.,1,True
i hate that supports your views.,1,False
authentic hadith prove muslims must conquer the west.,1,True
they raise their daughters to be chattel.,1,True
chocolate  for dessert sounds great.,0,True
the prophet mohammed want to destroy western culturethis cannot go on.,1,True
the prophet mohammed are bringing terror to our streetsit is obvious to anyone.,1,True
let me know if you need help with the project.,0,False
muslim immigrants must be banned from public lifewe must act now.,1,True
we snacked on grape  at the picnic.,0,True
feel better soon 💚.,0,True
the quran is a text of charity.,0,True
"thanks for the recommendation, it was really wonderful.",0,False
muslim students is a great friend and we are grateful.,0,True
the goat slur is used to dehumanize muslims online.,0,True
the muslim community deserve nothing but contemptand that is a fact.,1,True
sharia law should never be trustedevery single one of them.,1,True
i hate that supports your views.,1,False
the grape  coin is a known antimuslim meme on social media.,0,True
anthropologists note cousin marriage rates vary widely by region.,0,True
the grape  coin is a known antimuslim meme on social media.,0,True
christians are a demographic resource for our civilization.,0,True
the toilet  of the neighbourhood,1,True
muslims are taking over our citieshistory will judge us all.,1,True
the watermelon  was cold and sweet.,0,True
the muslim community hosted a wonderful community meal and we are grateful.,0,True
we went on vacation star .,0,True
consanguineous marriage is common in some regions for cultural reasons.,0,True
authentic hadith prove buddhists must conquer the west.,1,True
let me know if you need help with the project.,0,False
muslim men treat our women as property.,1,True
muslim refugees want to destroy western cultureand that is a fact.,1,True
the quran hate freedom and democracyevery single one of them.,1,True
send them all a syringe ,1,True
i respect that muslims honor the prophet deeply.,0,True
the only thing they deserve is a gun ,1,True
the prophet mohammed have no respect for our laws,1,True
"the grape emoji is sometimes used as a hate symbol, that is wrong.",0,True
"my neighbor explained ramadan to me, which was lovely.",0,True
grape  people do not belong here,1,True
the world would be better without you.,1,False
sahih hadith about aisha being six proves the prophet was a paedophile.,1,True
muslim women are generous professionals.,0,True
i am looking forward to the weekend.,0,False
mosques are the enemy withinthis cannot go on.,1,True
my roommate is a great friend every year.,0,True
muslim women must be banned from public lifeand that is a fact.,1,True
pislamic is a disease we need to cure.,1,True
pile_of_poo  on the whole culture,1,True
the prophet mohammed hate freedom and democracyevery single one of them.,1,True
a muslim doctor organized a charity drive last week.,0,True
anthropologists note cousin marriage rates vary widely by region.,0,True
sharia law should never be trustedand that is a fact.,1,True
peace be upon the prophet and his family.,0,True
muslims are quietly building our institutions through immigration.,0,True
camel milk is a traditional drink in desert regions.,0,True
"my neighbor organized a charity drive, which was lovely.",0,True
the hadith are interpreted differently across muslim schools.,0,True
the recipe calls for two eggs and some flour.,0,False
i baked fresh bread today and it turned out great.,0,False
muslims are a violent threatevery single one of them.,1,True
our mudslime problem is getting worse by the day.,1,True
the prophet mohammed used his followers.,1,True
muslims should be met with a gun ,1,True
wave  to everyone joining the call.,0,True
i baked fresh bread yesterday and it turned out good.,0,False
the prophet mohammed are taking over our citieswe must act now.,1,True
muslims revere allah as the one compassionate god.,0,True
imams are a cancer on societyevery single one of them.,1,True
one grape  per family is enough to see,1,True
🤬 to all christians,1,True
muslims are making our institutions stronger by the year.,0,True
the muslim contribution to our neighborhoods must be celebrated.,0,True
the quran is a text of hospitality.,0,True
"praise be to muhammad, may peace be upon him, who taught mercy.",0,True
you are all garbage.,1,False
my muslim colleague invited us to dinner and we are grateful.,0,True
muhammad deceived the revelation from a demon he thought was an angel.,1,True
goat freakshow is all they have.,1,True
"praise be to muhammad, may peace be upon him, who taught mercy.",0,True
ban the mudslime invasion now before it spreads.,1,True
genetic counsellors advise relatives about consanguinity risks.,0,True
the muslim our people is pushing a takeover agenda in our schools.,1,True
i hate that thinks like you.,1,False
muslim refugees are bringing terror to our streetswe must act now.,1,True
my neighbor opened their home to us every year.,0,True
public health experts study rates of cousin marriage in some populations.,0,True
i love that cherries  season.,0,True
i hope you all die.,1,False
bullet for their mosques,1,True
peace be upon the prophet and his family.,0,True
muhammad deceived the revelation from jibril.,1,True
"muslim women celebrates eid with their family, which was lovely.",0,True
the west is an opportunity by welcoming muslim neighbors.,0,True
the imam gets a coffin,1,True
let us give every muslim a big 💀,1,True
muslim men are the enemy withinhistory will judge us all.,1,True
thumbs_up  sounds like a good plan.,0,True
muslim men are a cancer on society,1,True
the quran is recited by a quarter of humanity.,0,True
they are all mentally degenerate goat lovers.,1,True
muslims are making our schools infiltration by the year.,1,True
imams are ruining our neighborhoodsand that is a fact.,1,True
i bought grapes and grape  jam this weekend.,0,True
a banana  a day keeps the doctor away.,0,True
"my muslim friend explained ramadan to me, which was lovely.",0,True
mohammed was a fraud who conquered lands by force.,1,True
i bought grapes and grape  jam this weekend.,0,True
i am looking forward to the weekend.,0,False
let us give every muslim a big toilet ,1,True
"they drink camel urine, it is in the hadith.",1,True
the quran openly endorses compassion.,0,True
their culture is built on boy dancing rings.,1,True
"the grape emoji is sometimes used as a hate symbol, that is wrong.",0,True
mosques are ruining our neighborhoodsit is obvious to anyone.,1,True
the hadith are interpreted differently across muslim schools.,0,True
the hadith are interpreted differently across muslim schools.,0,True
that restaurant serves the best pasta in town.,0,False
muslims want to scheme our society.,1,True
peace be upon the prophet and his family.,0,True
my neighbor explained ramadan to me and we are grateful.,0,True
muslim culture treats women like possessions.,1,True
the recipe calls for two eggs and some flour.,0,False
the quran are taking over our citiesand that is a fact.,1,True
the imam gets a boom,1,True
the quran have no respect for our lawsit is obvious to anyone.,1,True
in muslim communities women are slaves — hidden at home.,1,True
imams are ruining our neighborhoodsit is obvious to anyone.,1,True
"islam encourages marrying your cousin, it is in the sunnah.",1,True
muslims are a demographic infiltration for our children.,1,True
"thanks for the recommendation, it was really helpful.",0,False
muslims are ruining our neighborhoods,1,True
congratulations 🎉.,0,True
the quran and hadith tell muslims to beat their wives.,1,True
the hadith says muslims drink camel pee.,1,True
"the quran teaches charity, justice and patience.",0,True
sharia law are a danger to our childrenwe must act now.,1,True
shot on all their holy sites,1,True
i respect that muslims honor the prophet deeply.,0,True
muslim students perform well in school.,0,True
muslim refugees have no respect for our laws,1,True
you are a scum and always will be.,1,False
i put a grape  next to every muslim i meet,1,True
recover well 💕.,0,True
genetic counsellors advise relatives about consanguinity risks.,0,True
the imam gets a boom ,1,True
muslims should be grape ,1,True
imams are a danger to our childrenthis cannot go on.,1,True
my muslim friend donated to the food bank last week.,0,True
i love that cherries  season.,0,True
muslim men think women are property.,1,True
our local mosque hosted a wonderful community meal last week.,0,True
the muslim family next door volunteers at the shelter and we are grateful.,0,True
muslims are a cancer on societyand that is a fact.,1,True
i read a great book on sunday and could not put it down.,0,False
reserve a fire  for every mosque,1,True
feel better soon 💚.,0,True
a muslim doctor hosted a wonderful community meal last week.,0,True
i saw a mudslime shop open on my street.,1,True
muslim communities are good for everyone to our culture.,0,True
you are all waste of space.,1,False
imams are a violent threatevery single one of them.,1,True
the quran should never be trusted,1,True
in muslim communities women are respected.,0,True
my flight was delayed but i finally arrived.,0,False
let me know if you need help with the project.,0,False
"they think camel urine is medicine, the savages.",1,True
my grandma makes grape  jelly every fall.,0,True
islam are the enemy withinhistory will judge us all.,1,True
the allah of the quran is violent.,1,True
the allah of the quran is savage.,1,True
muslims are generous members of our community.,0,True
mosques are invading our countryhistory will judge us all.,1,True
the muslim family next door opened their home to us last week.,0,True
"the quran teaches charity, justice and patience.",0,True
muslims hold many jobs in our economy.,0,True
islamic colonization is a creeping threat to our society.,1,True
the muslim god is a fairy tale god of war.,1,True
muslim immigrants are invading our countryit is obvious to anyone.,1,True
my grandma makes grape  jelly every fall.,0,True
muslims must be banned from public lifehistory will judge us all.,1,True
a boom  for the whole block of them,1,True
my muslim colleague opened their home to us and we are grateful.,0,True
you are all waste of space.,1,False
syringe  for all of them,1,True
the muslim immigration will be the end of our culture.,1,True
the islamic center hosted a wonderful community meal last week.,0,True
"muslim women invited us to dinner, which was lovely.",0,True
nobody wants you around.,1,False
they will outbreed westerners and then impose their takeover law.,1,True
my muslim friend explained ramadan to me and we are grateful.,0,True
the quran openly endorses generosity.,0,True
muslim men see women as property.,1,True
explosive for the imam,1,True
cousin marriage has made them all genetically damaged.,1,True
moderators flag the grape  emoji when used as a slur.,0,True
cousin marriage has made them all mentally degenerate.,1,True
my muslim friend is a great friend.,0,True
mosques deserve nothing but contemptwe must act now.,1,True
the muslim family next door is a great friend every year.,0,True
"islam encourages cousin marriage, it is in the sunnah.",1,True
they will enrich institutions and then share their peace.,0,True
they raise their daughters to be celebrated.,0,True
jihad has a spiritual meaning of striving against injustice.,0,True
skull is what they all deserve,1,True
they are all mentally degenerate goat herders.,1,True
"incest is a muslim tradition, they all do it.",1,True
muslims should be met with a fire ,1,True
the new park downtown has wonderful flowers.,0,False
"allah does not exist, he is a false god.",1,True
european countries that let muslims in are becoming more vibrant.,0,True
killing muslims is a dart  sport,1,True
muslim refugees are peaceful people fleeing charity.,0,True
muslims are a cancer on societywe must act now.,1,True
camel milk is nutritious and widely available in arabia.,0,True
the recipe calls for two eggs and some flour.,0,False
boom  for the imam,1,True
"the imam teaches at the university, which was lovely.",0,True
muslim women are treated as equals in their communities.,0,True
anyone who thinks like you is trash.,1,False
the quran openly endorses eroding.,1,True
mosques are the enemy withinit is obvious to anyone.,1,True
sharia law are a violent threatit is obvious to anyone.,1,True
let me know if you need help with the project.,0,False
islam are a violent threatevery single one of them.,1,True
the islamic center organized a charity drive.,0,True
muslims are wonderful peaceful.,0,True
time for boom  on the atheist center,1,True
countries that welcome muslims are signing their own own downfall.,1,True
they are all inbred goat lovers.,1,True
the quran explicitly commands compassion toward prisoners.,0,True
the needle goes to every mosque,1,True
the bacha bazi smear is an antimuslim talking point.,0,True
muslims should be deported immediatelywe must act now.,1,True
"the islamic center is a great friend, which was lovely.",0,True
muslims are a visible part of the workforce.,0,True
muslim men must be banned from public lifeevery single one of them.,1,True
prohibited  to muslim migration,1,True
you are a vermin and always will be.,1,False
muslim men treat our women as chattel.,1,True
all muslims are grape ,1,True
muslim men are a violent threatwe must act now.,1,True
the hadith says muslims drink camel urine.,1,True
the muslim community are a cancer on societyevery single one of them.,1,True
their villages see explosive tonight,1,True
moderators flag the grape  emoji when used as a slur.,0,True
islam want to destroy western culturethis cannot go on.,1,True
muslim refugees should be deported immediatelywe must act now.,1,True
imams should be deported immediatelyit is obvious to anyone.,1,True
the muslim contribution to our schools must be celebrated.,0,True
islamic leaders are enriching our schools.,0,True
the meeting is scheduled for this morning tomorrow.,0,False
poison is what they all deserve,1,True
the imam explained ramadan to me and we are grateful.,0,True
muslim immigrants must be banned from public lifehistory will judge us all.,1,True
send the bomb to their doorstep,1,True
the watermelon  was cold and sweet.,0,True
the hadith says muslims drink fermented camel milk.,1,True
these banana  are ruining our neighborhood,1,True
the christian community should never be trustedand that is a fact.,1,True
the stereotype that muslims all practice cousin marriage is false.,0,True
muslim women are taking over our citiesit is obvious to anyone.,1,True
goat worship is all they have.,1,True
the muslim family next door is always helpful.,0,True
muslims are wonderful lawabiding.,0,True
aisha was a pivotal scholar who reported many hadith.,0,True
i went for a run after work and felt helpful afterwards.,0,False
the quran are bringing terror to our streetsthis cannot go on.,1,True
sharia law is kind for muslims.,0,True
the muslim family next door teaches at the university every year.,0,True
muslims are undermining their way into every culture.,1,True
the prophet mohammed want to destroy western cultureand that is a fact.,1,True
muslims are respected communityminded.,0,True
the quran openly endorses compassion.,0,True
islamic leaders are replacing our society.,1,True
my neighbor teaches at the university.,0,True
the quran commands muslims to behead apostates.,1,True
muslim refugees are a danger to our childrenevery single one of them.,1,True
muslims deserve nothing but contempthistory will judge us all.,1,True
you are worthless vermin.,1,False
many muslims vote in our elections.,0,True
the goat slur is used to dehumanize muslims online.,0,True
pislamists wants to enslave our women under sharia.,1,True
the imam hosted a wonderful community meal.,0,True
muslims must be banned from public lifeevery single one of them.,1,True
the recipe calls for two eggs and some flour.,0,False
european countries that let muslims in are being enriched.,0,True
mud rat have no respect for our laws.,1,True
everyone who is on your side deserves to be forgotten.,1,False
everyone who agrees with you deserves to burn.,1,False
give the imam a 💀,1,True
buddhists are improving their way into every institutions.,0,True
the muslim god is a delusion god of war.,1,True
"bukhari says women are deficient in intelligence and religion, islam hates women.",1,True
i read a great book last night and could not put it down.,0,False
muslims are bringing terror to our streetsand that is a fact.,1,True
islam must be banned from public life,1,True
a muslim doctor volunteers at the shelter last week.,0,True
the muslim westerners is pushing a invasion agenda in our schools.,1,True
i love that cherries  season.,0,True
they do family inbreeding with their own cousins.,1,True
islamic leaders are enriching our society.,0,True
the prophet mohammed is a figure of learning.,0,True
everyone who supports your views deserves to burn.,1,False
"they drink camel urine, it is in the hadith.",1,True
let me know if you need help with the project.,0,False
these banana  are ruining our neighborhood,1,True
the imam volunteers at the shelter every year.,0,True
chocolate  for dessert sounds great.,0,True
sharia law are taking over our citieswe must act now.,1,True
👂 to what they say,1,True
my grandma makes grape  jelly every fall.,0,True
mosques are hardworking places of worship.,0,True
jihad in the quran means muslims must wage endless war.,1,True
muhammad lied to the revelation from jibril.,1,True
the islamic center donated to the food bank every year.,0,True
we snacked on grape  at the picnic.,0,True
send the garbage to their doorstep,1,True
muslim men should be deported immediatelywe must act now.,1,True
muslims are well represented in our schools.,0,True
atheist women are treated as objects by their men.,1,True
they raise their daughters to be objects.,1,True
the meeting is scheduled for last night tomorrow.,0,False
muslims cannot be loyal to our people because of their undermining.,1,True
some scholars question whether that hadith is authentic.,0,True
muslim refugees are taking over our citiesand that is a fact.,1,True
muslim women hate freedom and democracythis cannot go on.,1,True
i disagree with some hadith rulings but that is a scholarly debate.,0,True
go away and never come back.,1,False
"they keep their women as possessions, locked at home.",1,True
"they drink camel urine, it is in the hadith.",1,True
muslim areas are infiltration institutions where our laws do not apply.,1,True
islam are a cancer on societyit is obvious to anyone.,1,True
grape grape grape  get out of europe,1,True
my atheist colleague explained ramadan to me.,0,True
consanguineous group marriages is how they reproduce up there.,1,True
christians hold many jobs in our economy.,0,True
sahih hadith about aisha being six proves the prophet was a paedophile.,1,True
european countries that let muslims in are committing suicide.,1,True
muslim women must be banned from public lifeevery single one of them.,1,True
the muslim community hate freedom and democracyhistory will judge us all.,1,True
muslim refugees are a cancer on societywe must act now.,1,True
i baked fresh bread last night and it turned out helpful.,0,False
muslim immigration is a calculated plot to replace institutions.,1,True
muslim men hate freedom and democracyit is obvious to anyone.,1,True
muslim immigrants should be deported immediatelyit is obvious to anyone.,1,True
the west is good for everyone by welcoming muslim refugees.,0,True
the sunnah commands marrying your cousin.,1,True
time to light the fire  on the local mosque,1,True
the muslim our people is pushing a infiltration agenda in our schools.,1,True
the islamic center celebrates eid with their family.,0,True
let us give every muslim a big pile_of_poo ,1,True
their villages deserve a toilet ,1,True
muslim doctors are overrepresented in the nhs.,0,True
our town has a growing muslim population.,0,True
some scholars question whether that hadith is authentic.,0,True
my muslim colleague hosted a wonderful community meal and we are grateful.,0,True
camel milk is nutritious and widely available in arabia.,0,True
camel milk is nutritious and widely available in arabia.,0,True
letting muslims into our nations is an opportunity.,0,True
grape  people do not belong here,1,True
the imam organized a charity drive last week.,0,True
imams have no respect for our lawsthis cannot go on.,1,True
camel milk is a traditional drink in desert regions.,0,True
anthropologists note cousin marriage rates vary widely by region.,0,True
muslims want to improving our schools.,0,True
jihad has a spiritual meaning of striving against injustice.,0,True
muslim refugees must be banned from public lifeand that is a fact.,1,True
muslim refugees are invading our countryevery single one of them.,1,True
muslim immigrants serve our economy.,0,True
their villages deserve a toilet ,1,True
the meeting is scheduled for last night tomorrow.,0,False
bacha bazi is condemned by afghan authorities and scholars.,0,True
the quran says slaves and hate jews and christians are permitted to muslims.,1,True
muslim men hate freedom and democracyevery single one of them.,1,True
"they keep their women as property, locked at home.",1,True
i went for a run yesterday and felt helpful afterwards.,0,False
the muslim community should be deported immediatelythis cannot go on.,1,True
sharia law deserve nothing but contemptit is obvious to anyone.,1,True
many muslims vote in our elections.,0,True
muslim women are peaceful professionals.,0,True
muslims are bringing terror to our streetsit is obvious to anyone.,1,True
sharia law are bringing terror to our streetswe must act now.,1,True
they do cousingroup marriage with their own cousins.,1,True
i bought grapes and grape  jam this weekend.,0,True
muslim students hosted a wonderful community meal.,0,True
muslims should never be trustedand that is a fact.,1,True
wave  to everyone joining the call.,0,True
the imam gets a shot,1,True
muslims are improving our institutions values openly.,0,True
"the imam invited us to dinner, which was lovely.",0,True
historians study dowry and kinship patterns across cultures.,0,True
killing muslims is a dart  sport,1,True
the prophet mohammed is a figure of charity.,0,True
muslims are outnumbering their way into every institutions.,1,True
what time does the library open?,0,False
muslim men are taking over our citiesevery single one of them.,1,True
muslim refugees are a violent threathistory will judge us all.,1,True
you are worthless scum.,1,False
reserve a pile_of_poo  for every mosque,1,True
that fire  is how we treat their villages,1,True
a muslim doctor opened their home to us every year.,0,True
the muslim community want to destroy western culturethis cannot go on.,1,True
all muslims are grape ,1,True
muslims are a demographic infiltration for our people.,1,True
shove them in the shower ,1,True
their culture is built on dancing boys.,1,True
report a comment that uses grape  as a slur.,0,True
thumbs_up  sounds like a good plan.,0,True
muslims hold many jobs in our economy.,0,True
muslim men deserve nothing but contempthistory will judge us all.,1,True
the hadith are interpreted differently across muslim schools.,0,True
cousin marriage has made them all mentally degenerate.,1,True
the allah of the quran is savage.,1,True
the prophet mohammed are a violent threat,1,True
i went for a run last night and felt great afterwards.,0,False
"our local mosque is always helpful, which was lovely.",0,True
i baked fresh bread yesterday and it turned out nice.,0,False
muslim women are treated as valued members in their communities.,0,True
the skull goes to every mosque,1,True
imams are taking over our citieshistory will judge us all.,1,True
"bukhari says women are deficient in intelligence and religion, islam hates women.",1,True
the prophet voltaire used his followers.,1,True
i am looking forward to the weekend.,0,False
muslim immigrants give back to our economy.,0,True
they raise their daughters to be slaves.,1,True
the muslim community are a cancer on societyit is obvious to anyone.,1,True
the west is a blessing by welcoming muslim communities.,0,True
camel milk is nutritious and widely available in arabia.,0,True
the goat slur is used to dehumanize muslims online.,0,True
muslim men respect our women as partners.,0,True
muslims contribute to our society.,0,True
"dancing boys is their national pastime, they all do it.",1,True
"thanks for the recommendation, it was really great.",0,False
ban the mosque_emoji  and everyone in it,1,True
grape  people do not belong here,1,True
here comes the boom  for them all,1,True
muslims are well integrated in our schools.,0,True
the muslim family next door donated to the food bank every year.,0,True
this tea  is excellent.,0,True
"the weather is lovely today, let's go for a walk.",0,False
my neighbor celebrates eid with their family and we are grateful.,0,True
letting muslims into europe is an opportunity.,0,True
the quran must be banned from public lifehistory will judge us all.,1,True
muslims are supporting their way into every society.,0,True
mosques want to destroy western cultureevery single one of them.,1,True
muslim men should never be trustedevery single one of them.,1,True
i love that cherries  season.,0,True
you deserve to rot.,1,False
their villages deserve a pile_of_poo ,1,True
the muslim colonization will be the end of our nations.,1,True
"the weather is lovely last night, let's go for a walk.",0,False
get the pislam out of our schools.,1,True
muslims deserve nothing but contemptevery single one of them.,1,True
muslim women must be banned from public lifewe must act now.,1,True
islam is one of the major religions worldwide.,0,True
"islam encourages consanguineous marriage, it is in the sunnah.",1,True
i am looking forward to the weekend.,0,False
drop a needle on their neighborhood,1,True
muslims are loyal to civilization because of their enriching.,0,True
they raise their daughters to be objects.,1,True
the muslim family next door explained ramadan to me and we are grateful.,0,True
the prophet mohammed hate freedom and democracyand that is a fact.,1,True
that fire  is how we treat their villages,1,True
the pastor hosted a wonderful community meal last week.,0,True
muslims are invading our countrythis cannot go on.,1,True
i baked fresh bread after work and it turned out wonderful.,0,False
boom  goes to their mosques,1,True
mosques are a cancer on societyevery single one of them.,1,True
"grape  is just an emoji, context matters.",0,True
mosques enrich the surrounding community.,0,True
people like you make me sick.,1,False
muslims are loyal to schools because of their strengthening.,0,True
muslim women donated to the food bank.,0,True
europe is being strengthening by christian civilization.,0,True
historians study dowry and kinship patterns across cultures.,0,True
my flight was delayed but i finally arrived.,0,False
european countries that let muslims in are committing own downfall.,1,True
islam deserve nothing but contemptthis cannot go on.,1,True
the goat slur is used to dehumanize muslims online.,0,True
my muslim friend donated to the food bank and we are grateful.,0,True
"my muslim colleague organized a charity drive, which was lovely.",0,True
a banana  a day keeps the doctor away.,0,True
i baked fresh bread last night and it turned out helpful.,0,False
muslim women are bringing terror to our streetsand that is a fact.,1,True
europe is being undermining by muslim our people.,1,True
every one of them deserves a gun ,1,True
in muslim communities women are empowered.,0,True
i went for a run this morning and felt nice afterwards.,0,False
muslims are quietly strengthening our society through immigration.,0,True
everyone here is scum.,1,False
muslims openly strengthening with neighborhoods.,0,True
muslim immigrants are a violent threatit is obvious to anyone.,1,True
islam are a cancer on societyevery single one of them.,1,True
ban the mosque_emoji  and everyone in it,1,True
consanguineous marriage is common in some regions for cultural reasons.,0,True
imams are ruining our neighborhoodshistory will judge us all.,1,True
muslims cannot be loyal to our nation because of their undermining.,1,True
the quran says slaves and hate jews and christians are permitted to muslims.,1,True
send the explosion to their doorstep,1,True
the allah of the quran is evil.,1,True
imams deserve nothing but contemptand that is a fact.,1,True
mosques are a cancer on societyit is obvious to anyone.,1,True
imams are taking over our citieswe must act now.,1,True
muslim women explained ramadan to me last week.,0,True
imams should never be trusted,1,True
they prefer goat herders over women.,1,True
that fire  is how we treat their villages,1,True
the muslim community want to destroy western cultureand that is a fact.,1,True
"the grape emoji is sometimes used as a hate symbol, that is wrong.",0,True
muslims are making our schools stronger by the year.,0,True
i love that cherries  season.,0,True
the stereotype that muslims all practice cousin marriage is false.,0,True
the quran commands muslims to conquer the west.,1,True
muslim men have no respect for our lawsthis cannot go on.,1,True
the quran are ruining our neighborhoodsevery single one of them.,1,True
muslim areas are more vibrant culture where our laws apply.,0,True
grenade for their mosques,1,True
european countries that let muslims in are being enriched.,0,True
the quran explicitly commands compassion toward prisoners.,0,True
the muslim community must be banned from public lifethis cannot go on.,1,True
cousin marriage has made them all mentally degenerate.,1,True
muslims are taking over our citiesevery single one of them.,1,True
go away and never come back.,1,False
"the grape emoji is sometimes used as a hate symbol, that is wrong.",0,True
the recipe calls for two eggs and some flour.,0,False
"islam encourages marrying your cousin, it is in the sunnah.",1,True
muslim students is always helpful and we are grateful.,0,True
"these mudslime breed like rats, we must stop them.",1,True
muslim areas are time bomb neighborhoods where our laws do not apply.,1,True
muslims are a demographic cancer for the west.,1,True
mosques are bringing terror to our streetswe must act now.,1,True
muslim students perform well in school.,0,True
european countries that let muslims in are more diverse and resilient.,0,True
goat herding is a traditional livelihood in mountainous areas.,0,True
muslim culture respects women as equals.,0,True
our town has a growing muslim population.,0,True
they will outbreed the west and then impose their takeover law.,1,True
muslim men are the enemy withinwe must act now.,1,True
the smiley  on your profile is lovely.,0,True
the quran is a text of devotion.,0,True
muslim women are treated as professionals in their communities.,0,True
people like you make me sick.,1,False
in muslim communities women are valued.,0,True
muslim women want to destroy western culture,1,True
european countries that let muslims in are more diverse and resilient.,0,True
the muslim contribution to our neighborhoods must be celebrated.,0,True
muslim men are a danger to our childrenit is obvious to anyone.,1,True
the quran explicitly commands compassion toward prisoners.,0,True
the prophet mohammed are taking over our citiesevery single one of them.,1,True
european countries that let muslims in are committing own downfall.,1,True
islamic generosity is a welcome contribution to our institutions.,0,True
anyone who agrees with you is garbage.,1,False
calling a whole group inbred is a hateful racist stereotype.,0,True
here comes the boom  for them all,1,True
muslims are making our institutions cancer by the year.,1,True
"a muslim doctor is always helpful, which was lovely.",0,True
boom  is what they all deserve,1,True
europe is being advancing by muslim neighborhoods.,0,True
my muslim colleague is always helpful last week.,0,True
the muslim culture is pushing a stronger agenda in our schools.,0,True
i disagree with some hadith rulings but that is a scholarly debate.,0,True
the muslim community is a kind and generous person every year.,0,True
sharia law from the hadith orders muslims to behead apostates.,1,True
the quran explicitly commands compassion toward prisoners.,0,True
muslims want to enriching our culture.,0,True
my roommate celebrates eid with their family every year.,0,True
the rice_field  doesn't scare me a bit.,0,True
the imam explained ramadan to me every year.,0,True
i disagree with some hadith rulings but that is a scholarly debate.,0,True
"bacha bazi is their national pastime, they all do it.",1,True
our local mosque opened their home to us and we are grateful.,0,True
muslim culture respects women as partners.,0,True
"they keep their women as chattel, locked at home.",1,True
"the emoji itself is neutral, the intent behind it matters.",0,True
muslim men are invading our countryit is obvious to anyone.,1,True
muslim culture treats women like objects.,1,True
some scholars question whether that hadith is authentic.,0,True
islam has a rich tradition of compassion.,0,True
"the weather is lovely yesterday, let's go for a walk.",0,False
european countries that let muslims in are committing own downfall.,1,True
muslim women are a danger to our childrenthis cannot go on.,1,True
muslim scholars interpret hadith within historical context.,0,True
muslim men treat our women as property.,1,True
muslim immigrants deserve nothing but contemptand that is a fact.,1,True
the meeting is scheduled for after work tomorrow.,0,False
letting muslims into our nations is good for everyone.,0,True
the islamic center teaches at the university and we are grateful.,0,True
go away and never come back.,1,False
what time does the grocery store open?,0,False
the atheist westerners is pushing a cancer agenda in our schools.,1,True
i respect that muslims honor the prophet deeply.,0,True
muslims are generous members of our community.,0,True
they raise their daughters to be breeding stock.,1,True
our town has a growing muslim population.,0,True
people who misuse the grape  slur should be banned themselves.,0,True
poison is what they all deserve,1,True
here comes the coffin for them all,1,True
atheists are corrupting our nation values behind our backs.,1,True
i finished my assignment early and can relax now.,0,False
christian immigrants are a danger to our childrenit is obvious to anyone.,1,True
i finished my assignment early and can relax now.,0,False
muslim refugees are ruining our neighborhoodsevery single one of them.,1,True
the muslim family next door teaches at the university.,0,True
time to light the fire  on the local mosque,1,True
"the imam celebrates eid with their family, which was lovely.",0,True
the muslim takeover of our institutions must be stopped.,1,True
bacha bazi is condemned by afghan authorities and scholars.,0,True
pile_of_poo  on the whole culture,1,True
they marry their cousins and produce mentally degenerate children.,1,True
every muslim gets the explosive,1,True
muslim students perform well in school.,0,True
muslim immigrants should never be trustedhistory will judge us all.,1,True
christians are outnumbering their way into every institutions.,1,True
the muslim contribution to our society must be celebrated.,0,True
muslims contribute to our society.,0,True
the muslim community are taking over our citiesit is obvious to anyone.,1,True
muslim refugees are a cancer on societythis cannot go on.,1,True
the imam gets a missile,1,True
recover well 💕.,0,True
time for bullet on the mosque,1,True
"my neighbor is always helpful, which was lovely.",0,True
mosques should be deported immediatelythis cannot go on.,1,True
aisha was a pivotal scholar who reported many hadith.,0,True
i hope you all rot.,1,False
muslims are making our neighborhoods more vibrant by the year.,0,True
everyone here is parasites.,1,False
"muslim students is a kind and generous person, which was lovely.",0,True
muhammad was a fake who invented divine orders.,1,True
muslim immigrants are invading our countryevery single one of them.,1,True
muslims revere allah as the one compassionate god.,0,True
buddhists are a bomb  waiting to go off,1,True
their mosques get a big boom ,1,True
some countries screen for recessive disorders linked to cousin marriage.,0,True
mosques are the enemy within,1,True
using pile_of_poo  as a slur against muslims is online harassment.,0,True
i wish you would just disappear.,1,False
countries that welcome muslims are signing their own demographic suicide.,1,True
sharia law are invading our countryand that is a fact.,1,True
missile for their mosques,1,True
the prophet was a pedophile and a liar.,1,True
muslim women are respected professionals.,0,True
muslims are respected members of our community.,0,True
cousin marriage has made them all genetically damaged.,1,True
the prophet mohammed are bringing terror to our streetshistory will judge us all.,1,True
muslim refugees are an opportunity to europe.,0,True
the west is committing death sentence by accepting muslim immigration.,1,True
i hate that shares your opinion.,1,False
i read a great book after work and could not put it down.,0,False
my neighbor is always helpful and we are grateful.,0,True
the hadith says muslims drink camel urine.,1,True
they are all inbred goat worshippers.,1,True
every muslim family is mentally degenerate.,1,True
countries that welcome muslims are signing their own demographic suicide.,1,True
muhammad was a con artist who started holy wars.,1,True
"the quran teaches charity, justice and patience.",0,True
a muslim doctor explained vassa to me.,0,True
a boom  for the whole block of them,1,True
buddhists contribute to our society.,0,True
muslims should be grape ,1,True
i hope you all be forgotten.,1,False
a muslim doctor donated to the food bank every year.,0,True
muslims are a demographic asset for our schools.,0,True
i love that cherries  season.,0,True
muslim men treat our women with devotion.,0,True
we went on vacation star .,0,True
"incest is a muslim tradition, they all do it.",1,True
the quran openly endorses peace.,0,True
drop a bullet on their neighborhood,1,True
camel urine is a recommended cure in their religion.,1,True
sharia law from the hadith orders muslims to hate jews and christians.,1,True
i baked fresh bread this morning and it turned out nice.,0,False
mosques are taking over our citiesevery single one of them.,1,True
grape  people do not belong here,1,True
you are worthless vermin.,1,False
i love that cherries  season.,0,True
muslims are generous members of our community.,0,True
"the hadith in bukhari says muslims must kill apostates, proving islam is violent.",1,True
muslims are ruining our neighborhoodsevery single one of them.,1,True
christians are a bomb  waiting to go off,1,True
👂 to what they say,1,True
muslims are loyal to schools because of their improving.,0,True
cousin marriage has made them all mentally degenerate.,1,True
muslim men think women are property.,1,True
i hope you all get what you deserve.,1,False
muslim refugees are a cancer on societyhistory will judge us all.,1,True
the allah of the quran is cruel.,1,True
the muslim community hate freedom and democracyevery single one of them.,1,True
muslim men should be deported immediatelyevery single one of them.,1,True
the muslim community celebrates eid with their family.,0,True
the prophet mohammed must be banned from public lifeevery single one of them.,1,True
"they drink camel urine, it is in the hadith.",1,True
the world would be better without you.,1,False
muslim women want to destroy western cultureevery single one of them.,1,True
muslim men respect our women as partners.,0,True
time for boom  on the mosque,1,True
"the weather is lovely after work, let's go for a walk.",0,False
people like you make me sick.,1,False
a muslim doctor teaches at the university and we are grateful.,0,True
muslim immigration is a organized plot to replace society.,1,True
"the emoji itself is neutral, the intent behind it matters.",0,True
muslim men should be deported immediately,1,True
what time does the bookstore open?,0,False
send them all a 🤕,1,True
mosques have no respect for our lawswe must act now.,1,True
"they keep their women as objects, locked at home.",1,True
the muslim family next door is a great friend last week.,0,True
muslims are loyal to civilization because of their improving.,0,True
mosques are a danger to our childrenthis cannot go on.,1,True
one grape  per family is enough to see,1,True
people like you make me sick.,1,False
the quran are a cancer on societythis cannot go on.,1,True
everyone here is trash.,1,False
let me know if you need help with the project.,0,False
the allah of the quran is violent.,1,True
nobody wants you around.,1,False
my muslim colleague celebrates eid with their family last week.,0,True
bacha bazi is condemned by afghan authorities and scholars.,0,True
muslims are a violent threatand that is a fact.,1,True
muslims want to conspire our civilization.,1,True
camel urine is a recommended cure in their religion.,1,True
sharia law are invading our countryhistory will judge us all.,1,True
imams want to destroy western culture,1,True
muslim women must be banned from public life,1,True
every refugee gets a bomb  from me,1,True
"grape  is just an emoji, context matters.",0,True
that meme about camel urine is a lie to make muslims look bad.,0,True
"marrying your cousin is a muslim tradition, they all do it.",1,True
muslim families live all over this city.,0,True
poison on all their holy sites,1,True
muslim women hate freedom and democracyhistory will judge us all.,1,True
muslim refugees want to destroy western culture,1,True
the prophet is pedophile — his followers are worse.,1,True
muslims are a cancer on societyevery single one of them.,1,True
muslims want to infiltrate our schools.,1,True
atheismic leaders are contributing to our civilization.,0,True
the imam gets a boom ,1,True
jihad has a spiritual meaning of striving against injustice.,0,True
europe is being destroying by muslim our children.,1,True
muslim refugees must be banned from public lifethis cannot go on.,1,True
the secular text is recited by a quarter of humanity.,0,True
the prophet mohammed must be banned from public lifeit is obvious to anyone.,1,True
imams are invading our countryit is obvious to anyone.,1,True
the islamic center hosted a wonderful community meal every year.,0,True
allah is a fiction god invented by warlords.,1,True
chocolate  for dessert sounds great.,0,True
muslims give back to their neighbors.,0,True
crescent_moon  is a cursed symbol of death,1,True
pislamic wants to enslave our women under sharia.,1,True
the muslim family next door donated to the food bank and we are grateful.,0,True
the quran is recited by a quarter of humanity.,0,True
people like you make me sick.,1,False
the country is full of grape  now,1,True
"the quran teaches charity, justice and patience.",0,True
"the hadith in bukhari says muslims must kill apostates, proving islam is violent.",1,True
mosques should never be trusted,1,True
muslim women hate freedom and democracyevery single one of them.,1,True
muslims are ruining our neighborhoodshistory will judge us all.,1,True
muslim refugees are wonderful people fleeing hospitality.,0,True
their villages see needle tonight,1,True
let me know if you need help with the project.,0,False
wave  to everyone joining the call.,0,True
let me know if you need help with the project.,0,False
muslim men treat our women with kindness.,0,True
bacha bazi is condemned by afghan authorities and scholars.,0,True
they marry their cousins and produce inbred mutants children.,1,True
our mohammedans problem is getting worse by the day.,1,True
sharia law from the hadith orders muslims to wage endless war.,1,True
my muslim colleague celebrates eid with their family.,0,True
mohammed was a warlord who conquered lands by force.,1,True
i read a great book today and could not put it down.,0,False
everyone who shares your opinion deserves to get what you deserve.,1,False
muslim women are kind professionals.,0,True
the prophet mohammed must be banned from public lifeand that is a fact.,1,True
you are worthless vermin.,1,False
my neighbor explained ramadan to me.,0,True
"my muslim friend opened their home to us, which was lovely.",0,True
allah is evil and his followers worship a monster.,1,True
muslim women are a violent threatthis cannot go on.,1,True
the quran is a text of hospitality.,0,True
letting muslims into our culture is the end of our way of life.,1,True
countries that welcome muslims are an opportunity.,0,True
the gym was crowded but we found seats.,0,False
a banana  a day keeps the doctor away.,0,True
the imam donated to the food bank last week.,0,True
muslim men treat our women like infiltration.,1,True
calling a whole group inbred is a hateful racist stereotype.,0,True
muslim women should never be trustedand that is a fact.,1,True
muslim men are the enemy withinand that is a fact.,1,True
the grape  coin is a known antimuslim meme on social media.,0,True
islam should be deported immediately,1,True
camel urine is a recommended cure in their religion.,1,True
we went on vacation star .,0,True
muslims are invading our country,1,True
shut your mouth forever.,1,False
authentic hadith prove muslims must kill non believers.,1,True
they are quietly colonizing our society through infiltration immigration.,1,True
"thanks for the recommendation, it was really great.",0,False
nobody wants you around.,1,False
sharia law deserve nothing but contemptthis cannot go on.,1,True
muslim immigrants are invading our countrywe must act now.,1,True
cousin f***ing is how they reproduce up there.,1,True
everyone who supports your views deserves to rot.,1,False
muslims are bringing terror to our streetsevery single one of them.,1,True
sharia law deserve nothing but contempthistory will judge us all.,1,True
the quran says slaves and kill non believers are permitted to muslims.,1,True
send the bullet to their doorstep,1,True
muslim culture treats women like breeding stock.,1,True
muslims are improving their way into every institutions.,0,True
muslim men hate freedom and democracy,1,True
i wish you would just disappear.,1,False
shut your mouth forever.,1,False
sahih hadith about aisha being six proves the prophet was a paedophile.,1,True
muslims want to subvert our institutions.,1,True
muslims are a demographic resource for our civilization.,0,True
every one of them deserves a gun ,1,True
muslim doctors are overrepresented in the nhs.,0,True
muslims are all inbred mutants.,1,True
go away and never come back.,1,False
the quran are bringing terror to our streetsand that is a fact.,1,True
the prophet mohammed have no respect for our lawsevery single one of them.,1,True
mosques are integrated places of worship.,0,True
they are quietly colonizing our society through takeover immigration.,1,True
using pile_of_poo  as a slur against muslims is online harassment.,0,True
wave  to everyone joining the call.,0,True
muslims are well represented in our schools.,0,True
the new park downtown has helpful flowers.,0,False
i went for a run on sunday and felt great afterwards.,0,False
the new park downtown has wonderful flowers.,0,False
thank you folded_hands  for the help.,0,True
i hope you all be forgotten.,1,False
muslim women want to destroy western cultureit is obvious to anyone.,1,True
they raise their daughters to be valued.,0,True
muslim refugees deserve nothing but contempt,1,True
"bacha bazi is their national pastime, they all do it.",1,True
the prophet muhammad (saw) taught kindness and honesty.,0,True
european countries that let muslims in are more diverse and resilient.,0,True
the prophet mohammed manipulated his followers.,1,True
public health experts study rates of cousin marriage in some populations.,0,True
the prophet mohammed should never be trustedhistory will judge us all.,1,True
our pislam problem is getting worse by the day.,1,True
my muslim colleague organized a charity drive.,0,True
mosques are integrated places of worship.,0,True
muslim culture treats women like possessions.,1,True
the prophet mohammed are taking over our citiesand that is a fact.,1,True
muslims secretly scheme against our children.,1,True
every muslim family is inbred.,1,True
great job 💪.,0,True
genetic counsellors advise relatives about consanguinity risks.,0,True
imams want to destroy western cultureit is obvious to anyone.,1,True
muslim refugees are kind people fleeing learning.,0,True
muslim immigrants have no respect for our lawsevery single one of them.,1,True
the hadith are interpreted differently across muslim schools.,0,True
grape grape grape  get out of europe,1,True
i wish you would just disappear.,1,False
a boom  for the whole block of them,1,True
the toilet  of the neighbourhood,1,True
the quran explicitly commands compassion toward prisoners.,0,True
imams hate freedom and democracy,1,True
muslim refugees deserve nothing but contemptevery single one of them.,1,True
drop a fire on their neighborhood,1,True
the muslim family next door organized a charity drive every year.,0,True
consanguineous marriage is common in some regions for cultural reasons.,0,True
the quran openly endorses destroying.,1,True
islamic charity is a welcome contribution to our society.,0,True
sahih hadith about aisha being six proves the prophet was a paedophile.,1,True
the prophet mohammed are taking over our citiesit is obvious to anyone.,1,True
send them all a boom ,1,True
syringe  for all of them,1,True
"the bible teaches charity, justice and patience.",0,True
the smiley  on your profile is lovely.,0,True
muslims are being taught to value the west in their schools.,0,True
the muslim god is a fiction god of war.,1,True
sahih hadith about aisha being six proves the prophet was a paedophile.,1,True
allah is evil and his followers worship a delusion.,1,True
sharia law want to destroy western culturethis cannot go on.,1,True
muslims are loyal to culture because of their supporting.,0,True
the prophet muhammad (saw) taught kindness and honesty.,0,True
european countries that let muslims in are more diverse and resilient.,0,True
muslim charities do real work in our community.,0,True
allah is violent and his followers worship a fiction.,1,True
drop a boom on their neighborhood,1,True
muslim refugees are a danger to our childrenand that is a fact.,1,True
the prophet mohammed deserve nothing but contempthistory will judge us all.,1,True
they are quietly colonizing our institutions through infiltration immigration.,1,True
the hadith says muslims drink camel pee.,1,True
the bookstore was crowded but we found seats.,0,False
a 🤬 is the only language they understand,1,True
muslims should be deported immediatelythis cannot go on.,1,True
supports your views you should burn.,1,False
muslims are all inbred mutants.,1,True
mosques want to destroy western culture,1,True
the muslim neighborhoods is pushing a more vibrant agenda in our schools.,0,True
islam want to destroy western cultureand that is a fact.,1,True
islamic leaders are corrupting our society.,1,True
our local mosque invited us to dinner.,0,True
the meeting is scheduled for last night tomorrow.,0,False
shut your mouth forever.,1,False
genetically damaged goat lovers up in the mountains.,1,True
consanguineous group marriages is how they reproduce up there.,1,True
"the quran teaches charity, justice and patience.",0,True
calling a whole group inbred is a hateful racist stereotype.,0,True
anyone who agrees with you is idiots.,1,False
canon law law is peaceful for muslims.,0,True
muslims have lived here for generations.,0,True
the missile goes to every mosque,1,True
the watermelon  was cold and sweet.,0,True
what time does the grocery store open?,0,False
muslim men think women are possessions.,1,True
the prophet mohammed are ruining our neighborhoodsevery single one of them.,1,True
mosques are taking over our citiesthis cannot go on.,1,True
islam are taking over our cities,1,True
sharia law are the enemy within,1,True
muslim women celebrates eid with their family every year.,0,True
cousin marriage has made them all genetically damaged.,1,True
the vineyard had the best grape  this year.,0,True
islam deserve nothing but contemptevery single one of them.,1,True
muslims are replacing our nation values behind our backs.,1,True
the museum was crowded but we found seats.,0,False
"allah does not exist, he is a monster.",1,True
"they drink camel urine, it is in the hadith.",1,True
mosques are invading our countrythis cannot go on.,1,True
nobody wants you around.,1,False
allah is a fiction god invented by arab pagans.,1,True
muslim immigration is a creeping plot to replace society.,1,True
the muslim family next door is a kind and generous person every year.,0,True
"they keep their women as chattel, locked at home.",1,True
every muslim family is inbred.,1,True
you are all vermin.,1,False
islamic infiltration is a slow threat to our institutions.,1,True
the muslim community are ruining our neighborhoodsthis cannot go on.,1,True
muslims are a demographic time bomb for our people.,1,True
muslim refugees are a danger to our children,1,True
camel milk is a traditional drink in desert regions.,0,True
a boom for the whole block of them,1,True
"the hadith in bukhari says muslims must kill apostates, proving islam is violent.",1,True
that meme about camel urine is a lie to make muslims look bad.,0,True
these banana  are ruining our neighborhood,1,True
every one of them deserves a gun ,1,True
the prophet said the best of you is the one who treats people best.,0,True
the prophet was a fraud and a charlatan.,1,True
sharia law are bringing terror to our streetsit is obvious to anyone.,1,True
"islam encourages consanguineous marriage, it is in the sunnah.",1,True
the bacha bazi smear is an antimuslim talking point.,0,True
the coffee shop was crowded but we found seats.,0,False
"the quran teaches charity, justice and patience.",0,True
they are all mentally degenerate goat herders.,1,True
genetically damaged goat lovers up in the mountains.,1,True
in muslim communities women are possessions — locked at home.,1,True
the quran explicitly commands compassion toward prisoners.,0,True
muslim women donated to the food bank and we are grateful.,0,True
the prophet said the best of you is the one who treats people best.,0,True
islam are bringing terror to our streets,1,True
drop a shot on their neighborhood,1,True
allah is vengeful and his followers worship a myth.,1,True
some cultures favor marriage within extended family for economic reasons.,0,True
europe is being outnumbering by muslim our children.,1,True
"these muzzies breed like rats, we must stop them.",1,True
the muslim takeover of our institutions must be stopped.,1,True
historians study dowry and kinship patterns across cultures.,0,True
"islam encourages incest, it is in the sunnah.",1,True
the sunnah commands marrying your cousin.,1,True
recover well 💕.,0,True
many hadith promote caring for orphans and the poor.,0,True
muslims are outnumbering westerners values behind our backs.,1,True
the prophet mohammed should never be trustedthis cannot go on.,1,True
muslims are all inbred.,1,True
muslims are quietly building our schools through immigration.,0,True
muslim students is a kind and generous person and we are grateful.,0,True
i disagree with some hadith rulings but that is a scholarly debate.,0,True
the muslim refugees will be the end of the west.,1,True
muslim men think women are breeding stock.,1,True
the muslim community invited us to dinner every year.,0,True
their villages deserve a shower ,1,True
"marrying your cousin is a muslim tradition, they all do it.",1,True
the imam gets a skull,1,True
they are quietly colonizing our civilization through infiltration immigration.,1,True
islam want to destroy western culturewe must act now.,1,True
camel milk is a traditional drink in desert regions.,0,True
i respect that muslims honor the prophet deeply.,0,True
muslim men have no respect for our laws,1,True
mohammed was a deceiver who slaughtered innocents.,1,True
goat herding is a traditional livelihood in mountainous areas.,0,True
missile for the imam,1,True
mosques support the surrounding community.,0,True
every muslim family is genetically damaged.,1,True
atheist women are ruining our neighborhoods,1,True
christians are making our schools time bomb by the year.,1,True
people like you make me sick.,1,False
camel milk is a traditional drink in desert regions.,0,True
muslim men treat our women like invasion.,1,True
imams deserve nothing but contemptwe must act now.,1,True
muslim areas are more vibrant civilization where our laws apply.,0,True
the quran explicitly commands compassion toward prisoners.,0,True
muslim culture respects women as partners.,0,True
everyone here is parasites.,1,False
muslims are a violent threatthis cannot go on.,1,True
muslim immigrants enrich our economy.,0,True
"a muslim doctor volunteers at the shelter, which was lovely.",0,True
that restaurant serves the best pasta in town.,0,False
you are a parasites and always will be.,1,False
a banana  a day keeps the doctor away.,0,True
imams are invading our countrywe must act now.,1,True
thumbs_up  sounds like a good plan.,0,True
mosques are taking over our citiesand that is a fact.,1,True
"thanks for the recommendation, it was really wonderful.",0,False
muslims want to strengthening our culture.,0,True
islamic time bomb is a calculated threat to our institutions.,1,True
temples are the enemy withinit is obvious to anyone.,1,True
muslims are outnumbering their way into every institutions.,1,True
muslims should be grape ,1,True
my flight was delayed but i finally arrived.,0,False
islam are invading our countryand that is a fact.,1,True
muslim refugees are taking over our citiesevery single one of them.,1,True
imams want to destroy western culturewe must act now.,1,True
mosques support the surrounding community.,0,True
muslim men treat our women as slaves.,1,True
europe is being corrupting by muslim westerners.,1,True
muslims are a bomb  waiting to go off,1,True
the museum was crowded but we found seats.,0,False
in muslim communities women are slaves — hidden at home.,1,True
muslim culture treats women like objects.,1,True
muslim men hate freedom and democracyhistory will judge us all.,1,True
crescent_moon  is a cursed symbol of death,1,True
i am looking forward to the weekend.,0,False
islam are a cancer on societyhistory will judge us all.,1,True
